{
  "weld_number": 1,
  "timestamp": "2025-11-15T21:23:37.183937",
  "energy_joules": 502.98,
  "peak_current_amps": 1283.2,
  "duration_ms": 69.5,
  "settings": {
    "mode": 1,
    "d1": 45,
    "gap1": 0,
    "d2": 0,
    "gap2": 0,
    "d3": 0
  },
  "data": {
    "voltage": [
      8.867,
      8.867,
      8.867,
      8.867,
      8.867,
      8.867,
      8.867,
      8.867,
      8.867,
      8.867,
      8.867,
      8.867,
      8.867,
      8.867,
      8.867,
      8.867,
      8.867,
      8.867,
      8.867,
      8.867,
      8.867,
      8.867,
      8.867,
      8.867,
      8.867,
      8.867,
      8.867,
      8.867,
      8.867,
      8.867,
      8.867,
      8.867,
      8.867,
      8.867,
      8.867,
      8.867
    ],
    "current": [
      0.6766916128029355,
      -0.6524921241393239,
      1.6363265080841192,
      -0.8193851494056169,
      1.0700823152163397,
      890.0794255828173,
      1283.213827993134,
      1279.3216442253165,
      1266.7927463999683,
      1258.1858346683782,
      1244.6615391566204,
      1237.3003646493391,
      1231.9597878408179,
      1226.1185319564977,
      1215.3539318268217,
      1211.2173689862927,
      1205.1376944944493,
      1199.4037269835146,
      1196.1612339211981,
      1190.8862222297455,
      1186.7138965980882,
      1180.145463960822,
      1175.1267522724572,
      1170.1616847707849,
      1164.3621521427813,
      1159.6653055745726,
      1154.521424117258,
      1152.3935380451128,
      -0.5154014248134409,
      -0.5452037507538499,
      -1.308143294828331,
      -0.86110840572219,
      0.07468462880666579,
      1.6899706947768565,
      0.3965497489630872,
      0.1938939325683034
    ],
    "timestamps": [
      -0.014823675155639648,
      -0.013254642486572266,
      -0.011690855026245117,
      -0.010123729705810547,
      -0.008521556854248047,
      -0.006998300552368164,
      -0.005423545837402344,
      -0.0038547515869140625,
      -0.0019168853759765625,
      -0.00024437904357910156,
      0.0032482147216796875,
      0.005381107330322266,
      0.007529020309448242,
      0.009796857833862305,
      0.011903047561645508,
      0.013930082321166992,
      0.015982389450073242,
      0.01800060272216797,
      0.02000713348388672,
      0.0220184326171875,
      0.0240175724029541,
      0.026192903518676758,
      0.028238296508789062,
      0.03045964241027832,
      0.03250622749328613,
      0.03454184532165527,
      0.03656458854675293,
      0.038590192794799805,
      0.04059100151062012,
      0.042589664459228516,
      0.04451894760131836,
      0.0464327335357666,
      0.04833722114562988,
      0.050753116607666016,
      0.05272245407104492,
      0.054639577865600586
    ]
  }
}