{
  "weld_number": 32,
  "timestamp": "2025-11-15T23:51:39.320354",
  "energy_joules": 2.08,
  "peak_current_amps": 940.1,
  "duration_ms": 74.9,
  "settings": {
    "mode": 1,
    "d1": 65,
    "gap1": 0,
    "d2": 0,
    "gap2": 0,
    "d3": 0,
    "weld_counter": 31
  },
  "data": {
    "voltage": [
      8.731,
      8.731,
      8.731,
      8.731,
      8.731,
      8.731,
      8.731,
      8.731,
      8.731,
      8.731,
      8.731,
      8.731,
      8.731,
      8.731,
      8.731,
      8.731,
      8.731,
      8.731,
      8.731,
      8.731,
      8.731,
      8.731,
      8.731,
      8.731,
      8.731,
      8.731,
      8.731,
      8.731,
      8.731,
      8.731,
      8.731,
      8.731,
      8.731,
      8.731,
      8.731,
      8.731,
      8.731,
      8.731,
      8.731,
      8.731,
      8.731,
      8.731,
      8.731,
      8.731,
      8.731,
      8.731,
      8.731,
      8.731,
      8.731,
      8.731,
      8.731,
      8.731,
      8.731,
      8.731,
      8.731,
      8.731,
      8.731,
      8.731,
      8.731,
      8.731,
      8.731,
      8.731,
      8.731,
      8.731,
      8.731,
      8.731,
      8.731,
      8.731,
      8.731,
      8.731,
      8.731,
      8.731,
      8.731,
      8.731,
      8.731,
      8.731,
      8.731,
      8.731,
      8.731,
      8.731,
      8.731,
      8.731,
      8.731,
      8.731,
      8.731,
      8.731,
      8.731
    ],
    "current": [
      383.30613175703667,
      39.727036920432674,
      1.5919806470847901,
      -0.3630519346060678,
      -0.8100868237122092,
      0.8171201726341455,
      81.42049091106544,
      117.14155878324017,
      940.0731849757653,
      4.500687658868749,
      -0.4226565864868869,
      381.291494523465,
      10.395587729881731,
      0.799238777069899,
      6.62857373101398,
      2.539694611989809,
      15.920938959233634,
      604.332101861489,
      -0.7743240325837178,
      -0.3034472827252488,
      103.12850512605966,
      101.10790742729989,
      5.019248130231873,
      13.161243577151724,
      -0.14251472264703807,
      1.627743438213281,
      -0.9829403141665836,
      -0.24980309603251205,
      19.121708765233606,
      0.9959341282766017,
      0.11378528044048304,
      0.35220388796375823,
      1.0972620364739933,
      -0.8875728711572737,
      0.37008528352800363,
      -0.5001426339319514,
      0.8588434289507181,
      0.13762714119281022,
      0.27471784051869375,
      -1.3882519469561518,
      0.4714131917253958,
      -0.8994938015334373,
      1.800596928667655,
      -0.6610751940101621,
      1.5562178559562982,
      1.287996922492614,
      -0.21404030490402073,
      1.0614992453455026,
      -0.4524589124272959,
      0.4594922613492322,
      -0.7385612414552265,
      0.3283620272114305,
      0.4892945872896412,
      1.4131666914423329,
      1.3356806439972684,
      -0.1723170485874476,
      -1.0425449660474027,
      -0.6610751940101621,
      -0.10079146633046494,
      -0.6372333332578344,
      0.465452726537314,
      0.16742946713321977,
      -0.33921007385374013,
      -0.5180240294961967,
      -1.1796356653732856,
      0.8528829637626363,
      -0.31536821310141294,
      0.8886457548911271,
      0.5131364480419689,
      -0.2796054219729216,
      0.3820062139041677,
      0.554859704358542,
      -0.7326007762671447,
      -1.0961891527401393,
      1.4012457610661693,
      -0.2736449567848398,
      -0.6312728680697526,
      -0.7206798458909806,
      0.6561876125559337,
      -0.7445217066433083,
      1.1985899446713848,
      -0.8696914755930277,
      1.3356806439972684,
      -0.816047288900291,
      1.3058783180568594,
      -1.2213589216898586,
      0.4594922613492322
    ],
    "timestamps": [
      0.0,
      0.00048160552978515625,
      0.0009624958038330078,
      0.0014472007751464844,
      0.0019230842590332031,
      0.002396821975708008,
      0.002869129180908203,
      0.003345012664794922,
      0.004017353057861328,
      0.004933834075927734,
      0.007431983947753906,
      0.008455276489257812,
      0.00981760025024414,
      0.01095724105834961,
      0.012005805969238281,
      0.013025045394897461,
      0.014078617095947266,
      0.015247344970703125,
      0.016123056411743164,
      0.0169525146484375,
      0.01779341697692871,
      0.01860952377319336,
      0.019472837448120117,
      0.020366191864013672,
      0.021326065063476562,
      0.022168636322021484,
      0.023015499114990234,
      0.02385401725769043,
      0.024737834930419922,
      0.02565455436706543,
      0.026473283767700195,
      0.02731800079345703,
      0.02822589874267578,
      0.029114723205566406,
      0.02999591827392578,
      0.03088831901550293,
      0.03175950050354004,
      0.03256392478942871,
      0.03347420692443848,
      0.03428077697753906,
      0.03538346290588379,
      0.03629612922668457,
      0.037139892578125,
      0.03802919387817383,
      0.03885030746459961,
      0.03981518745422363,
      0.04067802429199219,
      0.041611433029174805,
      0.04242539405822754,
      0.04327797889709473,
      0.04412674903869629,
      0.0450434684753418,
      0.045915842056274414,
      0.04670357704162598,
      0.04751324653625488,
      0.04827284812927246,
      0.049118995666503906,
      0.04989051818847656,
      0.05069589614868164,
      0.051500558853149414,
      0.05230283737182617,
      0.05310463905334473,
      0.05393052101135254,
      0.0548861026763916,
      0.055837392807006836,
      0.05671977996826172,
      0.05761861801147461,
      0.058486223220825195,
      0.059615135192871094,
      0.06047558784484863,
      0.06130814552307129,
      0.06213068962097168,
      0.06297016143798828,
      0.06376338005065918,
      0.06459474563598633,
      0.06550097465515137,
      0.06636500358581543,
      0.06718802452087402,
      0.0680382251739502,
      0.06888890266418457,
      0.06975984573364258,
      0.07057833671569824,
      0.0714406967163086,
      0.07228851318359375,
      0.07316994667053223,
      0.07405710220336914,
      0.07492542266845703
    ]
  }
}