{
  "weld_number": 32,
  "timestamp": "2025-11-13T19:36:41.296145",
  "energy_joules": 139.33,
  "peak_current_amps": 386.3,
  "duration_ms": 70.4,
  "settings": {
    "mode": 1,
    "d1": 40,
    "gap1": 0,
    "d2": 0,
    "gap2": 0,
    "d3": 0,
    "weld_counter": 31
  },
  "data": {
    "voltage": [
      8.884,
      8.884,
      8.884,
      8.884,
      8.884,
      8.884,
      8.884,
      8.884,
      8.884,
      8.884,
      8.884,
      8.884,
      8.884,
      8.884,
      8.884,
      8.884,
      8.884,
      8.884,
      8.884,
      8.884,
      8.884,
      8.884,
      8.884,
      8.884,
      8.884,
      8.884,
      8.884,
      8.884,
      8.884,
      8.884,
      8.884,
      8.884,
      8.884,
      8.884,
      8.884,
      8.884
    ],
    "current": [
      0.004470348891061412,
      -0.031292442237429885,
      0.016391279267225178,
      0.004470348891061412,
      0.02831220964338894,
      0.02831220964338894,
      -0.01937151186126612,
      0.02831220964338894,
      386.27837732772554,
      385.98035406832145,
      386.022077324638,
      386.04591918539035,
      386.07572151133076,
      385.9922749986976,
      386.0638005809546,
      386.1174447676473,
      386.17108895434006,
      386.1293656980235,
      386.1830098847162,
      386.1889703499043,
      386.2247331410328,
      386.23665407140896,
      386.2664563973494,
      386.27837732772554,
      386.2902982581017,
      386.2902982581017,
      386.3320215144183,
      0.010430814079143294,
      0.034272674831470826,
      0.004470348891061412,
      -0.025331977049348,
      -0.0014901162970204706,
      -0.04321337261359365,
      0.04023314001955271,
      -0.0014901162970204706,
      -0.007450581485102353
    ],
    "timestamps": [
      -0.014030694961547852,
      -0.012489557266235352,
      -0.010931253433227539,
      -0.009393453598022461,
      -0.007868766784667969,
      -0.006341695785522461,
      -0.004815578460693359,
      -0.003289937973022461,
      -0.001760721206665039,
      -0.0001552104949951172,
      0.003015756607055664,
      0.005150794982910156,
      0.007266044616699219,
      0.009362459182739258,
      0.011707782745361328,
      0.013791799545288086,
      0.015882015228271484,
      0.0179903507232666,
      0.020111799240112305,
      0.022248268127441406,
      0.024354219436645508,
      0.026457548141479492,
      0.028702497482299805,
      0.030806303024291992,
      0.03287982940673828,
      0.03500199317932129,
      0.0370793342590332,
      0.039098501205444336,
      0.04108572006225586,
      0.04313468933105469,
      0.04521894454956055,
      0.04728436470031738,
      0.04932212829589844,
      0.05155348777770996,
      0.054358720779418945,
      0.05640077590942383
    ]
  }
}