{
  "weld_number": 4,
  "timestamp": "2025-11-15T21:36:50.488204",
  "energy_joules": 489.19,
  "peak_current_amps": 1286.8,
  "duration_ms": 70.6,
  "settings": {
    "mode": 1,
    "d1": 45,
    "gap1": 0,
    "d2": 0,
    "gap2": 0,
    "d3": 0,
    "weld_counter": 3
  },
  "data": {
    "voltage": [
      8.867,
      8.867,
      8.867,
      8.867,
      8.867,
      8.867,
      8.867,
      8.867,
      8.867,
      8.867,
      8.867,
      8.867,
      8.867,
      8.867,
      8.867,
      8.867,
      8.867,
      8.867,
      8.867,
      8.867,
      8.867,
      8.867,
      8.867,
      8.867,
      8.867,
      8.867,
      8.867,
      8.867,
      8.867,
      8.867,
      8.867,
      8.867,
      8.867,
      8.867,
      8.867,
      8.867,
      8.867,
      8.867
    ],
    "current": [
      0.7607341719548905,
      1.4879109249008806,
      0.9753109187258385,
      -1.629412368465944,
      0.9335876624092659,
      1.6846062761075833,
      469.46191423677374,
      1286.79666361769,
      1284.1442566089936,
      1274.7922867288933,
      1258.0433795503832,
      1252.7326050678018,
      1244.5667677601298,
      1236.8956490630685,
      1230.6908048022754,
      1226.4469535883609,
      1218.5254953534002,
      1211.879576668689,
      1205.3647882181153,
      1199.2970346566478,
      1194.3021648290353,
      1188.955627555326,
      1184.6819740154713,
      1180.1043367510242,
      1174.9544948285215,
      1169.0536342923206,
      1164.7561388917136,
      1160.6732202378773,
      1154.4981783030246,
      1150.6596387218997,
      10.339201729202475,
      0.8799434757165286,
      0.8859039409046104,
      -0.2346635144547833,
      -0.5446077042350411,
      0.30773881766066735,
      0.5521178903720254,
      0.6951690548859907
    ],
    "timestamps": [
      -0.01404881477355957,
      -0.012521982192993164,
      -0.010970354080200195,
      -0.009435176849365234,
      -0.007905006408691406,
      -0.006378650665283203,
      -0.004852771759033203,
      -0.0033202171325683594,
      -0.001781463623046875,
      -0.00017499923706054688,
      0.0026607513427734375,
      0.004592418670654297,
      0.006556034088134766,
      0.008489608764648438,
      0.010422945022583008,
      0.012347221374511719,
      0.014263153076171875,
      0.016353130340576172,
      0.018259763717651367,
      0.0202178955078125,
      0.02235269546508789,
      0.02428913116455078,
      0.026210308074951172,
      0.0281522274017334,
      0.030122041702270508,
      0.03206682205200195,
      0.03398537635803223,
      0.03590583801269531,
      0.037841081619262695,
      0.03984856605529785,
      0.04190206527709961,
      0.04386472702026367,
      0.04586172103881836,
      0.047857046127319336,
      0.049837350845336914,
      0.05252552032470703,
      0.054553985595703125,
      0.05652928352355957
    ]
  }
}