{
  "weld_number": 19,
  "timestamp": "2025-11-14T09:48:17.656369",
  "energy_joules": -0.0,
  "peak_current_amps": 0.1,
  "duration_ms": 56.8,
  "settings": {
    "mode": 1,
    "d1": 40,
    "gap1": 0,
    "d2": 0,
    "gap2": 0,
    "d3": 0,
    "weld_counter": 18
  },
  "data": {
    "voltage": [
      8.886,
      8.886,
      8.886,
      8.886,
      8.886,
      8.886,
      8.886,
      8.886,
      8.886,
      8.886,
      8.886,
      8.886,
      8.886,
      8.886,
      8.886,
      8.886,
      8.886,
      8.886,
      8.886,
      8.886,
      8.886,
      8.886,
      8.886,
      8.886,
      8.886,
      8.886,
      8.886,
      8.886,
      8.886,
      8.886,
      8.886,
      8.886,
      8.886,
      8.886,
      8.886,
      8.886,
      8.886,
      8.886,
      8.886,
      8.886,
      8.886,
      8.886,
      8.886,
      8.886,
      8.886,
      8.886,
      8.886,
      8.886,
      8.886,
      8.886,
      8.886,
      8.886,
      8.886,
      8.886,
      8.886,
      8.886,
      8.886,
      8.886,
      8.886,
      8.886,
      8.886,
      8.886,
      8.886,
      8.886,
      8.886,
      8.886,
      8.886,
      8.886,
      8.886,
      8.886,
      8.886,
      8.886,
      8.886,
      8.886,
      8.886,
      8.886,
      8.886,
      8.886,
      8.886,
      8.886,
      8.886,
      8.886,
      8.886,
      8.886
    ],
    "current": [
      -0.01358986062882669,
      0.010252000123500839,
      0.0042915349354189555,
      -0.01358986062882669,
      -0.01358986062882669,
      0.022172930499664602,
      -0.0016689302526629274,
      0.01621246531158272,
      0.01621246531158272,
      -0.055313116945399865,
      -0.03147125619307234,
      -0.03743172138115422,
      -0.01358986062882669,
      0.022172930499664602,
      -0.01358986062882669,
      0.03409386087582837,
      0.01621246531158272,
      -0.03147125619307234,
      0.046014791251992135,
      0.010252000123500839,
      0.022172930499664602,
      -0.06127358213348175,
      0.01621246531158272,
      0.010252000123500839,
      0.022172930499664602,
      0.028133395687746483,
      0.022172930499664602,
      0.0042915349354189555,
      -0.03743172138115422,
      0.03409386087582837,
      0.03409386087582837,
      -0.00762939544074481,
      -0.00762939544074481,
      -0.00762939544074481,
      0.0042915349354189555,
      0.03409386087582837,
      0.022172930499664602,
      0.0579357216281559,
      0.01621246531158272,
      0.051975256440074016,
      0.06389618681623778,
      0.010252000123500839,
      -0.025510791004990457,
      0.046014791251992135,
      -0.03147125619307234,
      -0.03147125619307234,
      0.010252000123500839,
      0.010252000123500839,
      0.01621246531158272,
      0.0042915349354189555,
      -0.0016689302526629274,
      0.0042915349354189555,
      -0.00762939544074481,
      0.01621246531158272,
      0.010252000123500839,
      0.010252000123500839,
      -0.01358986062882669,
      0.06985665200431966,
      -0.055313116945399865,
      0.01621246531158272,
      0.01621246531158272,
      0.04005432606391025,
      -0.03147125619307234,
      -0.00762939544074481,
      0.010252000123500839,
      -0.049352651757317983,
      0.0042915349354189555,
      0.01621246531158272,
      0.022172930499664602,
      0.028133395687746483,
      -0.03147125619307234,
      -0.019550325816908576,
      -0.019550325816908576,
      -0.07319451250964551,
      0.0042915349354189555,
      -0.00762939544074481,
      0.028133395687746483,
      -0.01358986062882669,
      -0.0016689302526629274,
      0.0042915349354189555,
      0.022172930499664602,
      -0.025510791004990457,
      -0.0016689302526629274,
      -0.0016689302526629274
    ],
    "timestamps": [
      -0.0024001598358154297,
      -0.0022728443145751953,
      -0.002086639404296875,
      -0.00196075439453125,
      -0.0017728805541992188,
      -0.0016453266143798828,
      -0.0014562606811523438,
      -0.0013294219970703125,
      -0.0011420249938964844,
      -0.0005266666412353516,
      0.001043558120727539,
      0.0018837451934814453,
      0.002602815628051758,
      0.0031986236572265625,
      0.004042625427246094,
      0.004728794097900391,
      0.005357503890991211,
      0.005972862243652344,
      0.006817817687988281,
      0.0074062347412109375,
      0.00823831558227539,
      0.008874654769897461,
      0.009417533874511719,
      0.010124444961547852,
      0.010963678359985352,
      0.011604070663452148,
      0.011844873428344727,
      0.013161897659301758,
      0.013756275177001953,
      0.014593839645385742,
      0.015159845352172852,
      0.015963315963745117,
      0.016857147216796875,
      0.017584800720214844,
      0.018319368362426758,
      0.01893019676208496,
      0.019572734832763672,
      0.020244836807250977,
      0.021111726760864258,
      0.021357059478759766,
      0.022412776947021484,
      0.02321910858154297,
      0.024141550064086914,
      0.0255892276763916,
      0.026080608367919922,
      0.02678394317626953,
      0.02762150764465332,
      0.028317689895629883,
      0.02892470359802246,
      0.029810190200805664,
      0.03053760528564453,
      0.031323909759521484,
      0.03200864791870117,
      0.032590389251708984,
      0.0333094596862793,
      0.03401017189025879,
      0.03462624549865723,
      0.03554534912109375,
      0.03610348701477051,
      0.03695082664489746,
      0.03796887397766113,
      0.03852677345275879,
      0.03934502601623535,
      0.04041862487792969,
      0.0410459041595459,
      0.041559696197509766,
      0.042433738708496094,
      0.04333615303039551,
      0.044547080993652344,
      0.04512333869934082,
      0.04591679573059082,
      0.04669666290283203,
      0.047399282455444336,
      0.048267364501953125,
      0.053148508071899414,
      0.05343365669250488,
      0.05355429649353027,
      0.05367541313171387,
      0.053795814514160156,
      0.05391573905944824,
      0.05408215522766113,
      0.05420494079589844,
      0.05432748794555664,
      0.05444908142089844
    ]
  }
}