{
  "weld_number": 29,
  "timestamp": "2025-11-15T23:49:39.392099",
  "energy_joules": 46.43,
  "peak_current_amps": 1305.7,
  "duration_ms": 13.4,
  "settings": {
    "mode": 1,
    "d1": 10,
    "gap1": 0,
    "d2": 0,
    "gap2": 0,
    "d3": 0
  },
  "data": {
    "voltage": [
      8.862,
      8.862,
      8.862,
      8.862,
      8.862,
      8.862,
      8.862,
      8.862,
      8.862,
      8.862,
      8.862,
      8.862,
      8.862,
      8.862,
      8.862,
      8.862,
      8.862,
      8.862,
      8.862
    ],
    "current": [
      1244.3370514317812,
      1294.267868312343,
      1301.2296916520227,
      1305.5391079830058,
      1305.7179219386483,
      1304.5973544832889,
      1303.220487024842,
      1300.1448869877918,
      1297.2838636975125,
      1294.8221915748347,
      1286.113951935047,
      1282.9310635246113,
      1279.1342471998032,
      1275.474521574321,
      1.9436480931816205,
      1.0972620364739933,
      -0.05906821001389181,
      0.018417837431172646,
      0.7932783118818172
    ],
    "timestamps": [
      0.0,
      0.00048279762268066406,
      0.0009596347808837891,
      0.0014355182647705078,
      0.001909017562866211,
      0.0023832321166992188,
      0.0028574466705322266,
      0.0033278465270996094,
      0.004068613052368164,
      0.004649639129638672,
      0.006470441818237305,
      0.007373809814453125,
      0.00834512710571289,
      0.009192705154418945,
      0.01006174087524414,
      0.010921955108642578,
      0.011760950088500977,
      0.012640953063964844,
      0.013425827026367188
    ]
  }
}