{
  "weld_number": 31,
  "timestamp": "2025-11-14T10:39:31.274843",
  "energy_joules": 204.38,
  "peak_current_amps": 774.9,
  "duration_ms": 55.3,
  "settings": {
    "mode": 1,
    "d1": 30,
    "gap1": 0,
    "d2": 0,
    "gap2": 0,
    "d3": 0,
    "weld_counter": 30
  },
  "data": {
    "voltage": [
      8.88,
      8.88,
      8.88,
      8.88,
      8.88,
      8.88,
      8.88,
      8.88,
      8.88,
      8.88,
      8.88,
      8.88,
      8.88,
      8.88,
      8.88,
      8.88,
      8.88,
      8.88,
      8.88,
      8.88,
      8.88,
      8.88,
      8.88,
      8.88,
      8.88,
      8.88,
      8.88,
      8.88,
      8.88,
      8.88,
      8.88,
      8.88,
      8.88,
      8.88,
      8.88,
      8.88,
      8.88,
      8.88,
      8.88,
      8.88,
      8.88,
      8.88,
      8.88,
      8.88,
      8.88,
      8.88,
      8.88,
      8.88,
      8.88,
      8.88,
      8.88,
      8.88,
      8.88,
      8.88,
      8.88,
      8.88,
      8.88,
      8.88,
      8.88,
      8.88,
      8.88,
      8.88,
      8.88,
      8.88,
      8.88,
      8.88,
      8.88,
      8.88,
      8.88,
      8.88,
      8.88,
      8.88,
      8.88,
      8.88,
      8.88,
      8.88,
      8.88,
      8.88,
      8.88,
      8.88,
      8.88,
      8.88,
      8.88,
      8.88,
      8.88,
      8.88,
      8.88,
      8.88,
      8.88,
      8.88,
      8.88,
      8.88,
      8.88,
      8.88,
      8.88,
      8.88,
      8.88,
      8.88,
      8.88,
      8.88,
      8.88,
      8.88,
      8.88,
      8.88,
      8.88,
      8.88,
      8.88,
      8.88,
      8.88,
      8.88,
      8.88,
      8.88,
      8.88,
      8.88,
      8.88,
      8.88,
      8.88,
      8.88,
      8.88,
      8.88,
      8.88,
      8.88,
      8.88,
      8.88,
      8.88,
      8.88,
      8.88,
      8.88,
      8.88,
      8.88,
      8.88,
      8.88,
      8.88,
      8.88,
      8.88,
      8.88,
      8.88,
      8.88,
      8.88
    ],
    "current": [
      -0.13303758299798762,
      0.021934511892141326,
      0.10538102452528768,
      -0.061512000741005025,
      -0.09727479186949632,
      0.045776372644468856,
      -0.0019073488601862034,
      -0.04959107036484126,
      0.021934511892141326,
      -0.0376701399886775,
      0.045776372644468856,
      -0.025749209612513733,
      -0.025749209612513733,
      0.03385544226830509,
      -0.0734329311171688,
      0.045776372644468856,
      -0.0019073488601862034,
      0.021934511892141326,
      -0.013828279236349968,
      -0.025749209612513733,
      -0.0734329311171688,
      0.010013581515977562,
      0.12922288527761522,
      0.06961823339679639,
      0.05769730302063262,
      0.021934511892141326,
      0.03385544226830509,
      0.021934511892141326,
      0.010013581515977562,
      -0.013828279236349968,
      0.045776372644468856,
      -0.061512000741005025,
      0.06961823339679639,
      0.1649856764061065,
      0.045776372644468856,
      0.12922288527761522,
      -0.08535386149333256,
      0.021934511892141326,
      -0.0019073488601862034,
      -0.013828279236349968,
      -0.0376701399886775,
      0.10538102452528768,
      -0.04959107036484126,
      0.045776372644468856,
      0.045776372644468856,
      -0.025749209612513733,
      -0.013828279236349968,
      0.05769730302063262,
      0.03385544226830509,
      0.021934511892141326,
      0.010013581515977562,
      0.06961823339679639,
      0.03385544226830509,
      0.10538102452528768,
      -0.061512000741005025,
      -0.9913445700817787,
      774.9420136144176,
      773.4161345262687,
      772.4743810265518,
      772.0571484633859,
      771.6160740394679,
      771.5326275268347,
      771.5326275268347,
      771.4849438053301,
      771.3776554319446,
      771.186920545926,
      771.4134182230731,
      771.4849438053301,
      771.3061298496876,
      771.3180507800638,
      771.2703670585591,
      771.4968647357063,
      771.401497292697,
      771.3538135711923,
      771.4730228749539,
      771.4968647357063,
      771.4134182230731,
      771.3061298496876,
      771.4968647357063,
      771.4730228749539,
      771.4372600838254,
      771.3538135711923,
      771.3418926408161,
      771.5087856660824,
      771.3776554319446,
      771.4849438053301,
      771.3895763623208,
      771.4253391534493,
      771.4730228749539,
      771.6041531090917,
      771.4611019445778,
      771.4968647357063,
      771.5326275268347,
      771.4611019445778,
      771.4491810142016,
      771.4253391534493,
      771.4849438053301,
      771.4611019445778,
      771.5803112483394,
      771.6399159002202,
      771.7352833432295,
      771.842571716615,
      771.8783345077435,
      771.9737019507528,
      771.8783345077435,
      771.8783345077435,
      771.9260182292481,
      771.9260182292481,
      771.8664135773673,
      772.0213856722575,
      771.9617810203766,
      771.9975438115051,
      772.0213856722575,
      771.9379391596243,
      772.0929112545144,
      772.0452275330098,
      772.1048321848906,
      772.0213856722575,
      772.1525159063953,
      -0.19264223487880644,
      -0.08535386149333256,
      0.021934511892141326,
      0.010013581515977562,
      -0.013828279236349968,
      0.045776372644468856,
      0.045776372644468856,
      -0.013828279236349968,
      -0.0019073488601862034,
      0.11730195490145144,
      -0.025749209612513733,
      0.010013581515977562,
      -0.0019073488601862034,
      0.045776372644468856,
      0.05769730302063262,
      0.010013581515977562,
      0.03385544226830509,
      0.010013581515977562,
      0.03385544226830509,
      0.010013581515977562
    ],