{
  "weld_number": 30,
  "timestamp": "2025-11-15T23:51:23.639976",
  "energy_joules": 238.24,
  "peak_current_amps": 1191.7,
  "duration_ms": 75.1,
  "settings": {
    "mode": 1,
    "d1": 65,
    "gap1": 0,
    "d2": 0,
    "gap2": 0,
    "d3": 0
  },
  "data": {
    "voltage": [
      8.872,
      8.872,
      8.872,
      8.872,
      8.872,
      8.872,
      8.872,
      8.872,
      8.872,
      8.872,
      8.872,
      8.872,
      8.872,
      8.872,
      8.872,
      8.872,
      8.872,
      8.872,
      8.872,
      8.872,
      8.872,
      8.872,
      8.872,
      8.872,
      8.872,
      8.872,
      8.872,
      8.872,
      8.872,
      8.872,
      8.872,
      8.872,
      8.872,
      8.872,
      8.872,
      8.872,
      8.872,
      8.872,
      8.872,
      8.872,
      8.872,
      8.872,
      8.872,
      8.872,
      8.872,
      8.872,
      8.872,
      8.872,
      8.872,
      8.872,
      8.872,
      8.872,
      8.872,
      8.872,
      8.872,
      8.872,
      8.872,
      8.872,
      8.872,
      8.872,
      8.872,
      8.872,
      8.872,
      8.872,
      8.872,
      8.872,
      8.872,
      8.872,
      8.872,
      8.872,
      8.872,
      8.872,
      8.872,
      8.872,
      8.872,
      8.872,
      8.872,
      8.872,
      8.872,
      8.872,
      8.872,
      8.872,
      8.872,
      8.872,
      8.872,
      8.872,
      8.872,
      8.872,
      8.872,
      8.872,
      8.872
    ],
    "current": [
      1189.6080600748132,
      1191.0624135807052,
      1191.7359461469584,
      1189.1014205338263,
      1186.9556530661168,
      1185.9364135189549,
      1187.1463879521355,
      1187.4444112115395,
      1187.8079995880125,
      1186.9139298098003,
      1185.6920344462435,
      1184.7323995509623,
      1182.3362925453534,
      1178.1937692396366,
      1175.1896947848434,
      1170.8325947323553,
      1168.6808667994578,
      1165.5456621105268,
      1163.7277202281618,
      1160.9322620549515,
      1155.6870526894395,
      1153.54128522173,
      1151.002127051607,
      1148.5106526029888,
      1145.9297711765494,
      1142.9495385825082,
      1142.9674199780725,
      1142.1150734561768,
      1140.6905222762252,
      1139.718966450568,
      1137.4778315398491,
      1135.934071056136,
      1132.7809849716407,
      1131.9405593801212,
      1130.7067430861882,
      1129.0318523683372,
      1127.6073011883857,
      1125.7118732585757,
      1124.5913058032163,
      1121.7958476300057,
      1122.254803449488,
      1120.3116917981733,
      1119.191124342814,
      1117.6175615331604,
      1116.0082359323783,
      1115.0843638282256,
      1113.4869591578195,
      1110.8166707535588,
      1108.6828242162255,
      1107.3894032704118,
      1104.7429567269035,
      1102.2753241390376,
      1101.7329218069221,
      1100.415659000356,
      1099.8732566682406,
      1097.6738450138384,
      1096.0943217389968,
      1095.4744333594363,
      1093.942593806099,
      1093.0127612367583,
      1091.1888588892052,
      1088.834475139913,
      1087.4754890770303,
      1086.1224634793357,
      1084.4296913659205,
      1082.5581052968628,
      1081.270644816237,
      1079.6911215413954,
      1077.8791401242186,
      1077.6705238426357,
      1075.3817052104123,
      1074.7081726441588,
      1072.8663889010415,
      1071.5968098159801,
      1070.357033056859,
      1069.9636423544457,
      1067.8178748867363,
      18.10842968325969,
      1.138985292790567,
      -1.3107658995110874,
      0.23299458420212063,
      1.079380640909748,
      1.4370085521946612,
      -1.644551950043673,
      1.4370085521946612,
      1.657545764153691,
      -1.2869240387587595,
      -0.6372333332578344,
      -0.6908775199505716,
      -0.7504821718313901,
      -0.649154263633998
    ],
    "timestamps": [
      0.0,
      0.0004734992980957031,
      0.0009443759918212891,
      0.0014154911041259766,
      0.0018849372863769531,
      0.002380847930908203,
      0.0028533935546875,
      0.0033254623413085938,
      0.004075050354003906,
      0.004692554473876953,
      0.006104707717895508,
      0.006934642791748047,
      0.007860183715820312,
      0.008784770965576172,
      0.009687185287475586,
      0.010584354400634766,
      0.011490583419799805,
      0.012392759323120117,
      0.013319730758666992,
      0.014267206192016602,
      0.015175342559814453,
      0.016076087951660156,
      0.01695704460144043,
      0.01784038543701172,
      0.018783092498779297,
      0.019670963287353516,
      0.02057337760925293,
      0.021380901336669922,
      0.02227306365966797,
      0.023124217987060547,
      0.02391219139099121,
      0.024738073348999023,
      0.025630474090576172,
      0.02657461166381836,
      0.02748703956604004,
      0.02838587760925293,
      0.02929067611694336,
      0.03020954132080078,
      0.031045198440551758,
      0.031925201416015625,
      0.03272271156311035,
      0.03352046012878418,
      0.034414052963256836,
      0.0355067253112793,
      0.036309242248535156,
      0.037111520767211914,
      0.03792834281921387,
      0.038901567459106445,
      0.039700984954833984,
      0.040541887283325195,
      0.04140305519104004,
      0.04222440719604492,
      0.04301643371582031,
      0.04384279251098633,
      0.04462146759033203,
      0.04548907279968262,
      0.04634547233581543,
      0.04716086387634277,
      0.04795551300048828,
      0.04874897003173828,
      0.04958009719848633,
      0.050394296646118164,
      0.05125689506530762,
      0.05213761329650879,
      0.053032636642456055,
      0.05389833450317383,
      0.0548090934753418,
      0.05565619468688965,
      0.056450605392456055,
      0.0573117733001709,
      0.058197975158691406,
      0.059064626693725586,
      0.05984997749328613,
      0.060658931732177734,
      0.06147146224975586,
      0.06233501434326172,
      0.06319236755371094,
      0.06400513648986816,
      0.06491827964782715,
      0.06580877304077148,
      0.06671714782714844,
      0.06759524345397949,
      0.06839704513549805,
      0.06923985481262207,
      0.07010602951049805,
      0.07089018821716309,
      0.07167625427246094,
      0.07245016098022461,
      0.07326579093933105,
      0.07419681549072266,
      0.07513284683227539
    ]
  }
}