{
  "weld_number": 22,
  "timestamp": "2025-11-14T09:59:43.372875",
  "energy_joules": -0.0,
  "peak_current_amps": 0.1,
  "duration_ms": 47.2,
  "settings": {
    "mode": 1,
    "d1": 40,
    "gap1": 0,
    "d2": 0,
    "gap2": 0,
    "d3": 0,
    "weld_counter": 21
  },
  "data": {
    "voltage": [
      8.888,
      8.888,
      8.888,
      8.888,
      8.888,
      8.888,
      8.888,
      8.888,
      8.888,
      8.888,
      8.888,
      8.888,
      8.888,
      8.888,
      8.888,
      8.888,
      8.888,
      8.888,
      8.888,
      8.888,
      8.888,
      8.888,
      8.888,
      8.888,
      8.888,
      8.888,
      8.888,
      8.888,
      8.888,
      8.888,
      8.888,
      8.888,
      8.888,
      8.888,
      8.888,
      8.888,
      8.888,
      8.888,
      8.888,
      8.888,
      8.888,
      8.888,
      8.888,
      8.888,
      8.888,
      8.888,
      8.888,
      8.888,
      8.888,
      8.888,
      8.888,
      8.888,
      8.888,
      8.888,
      8.888,
      8.888,
      8.888,
      8.888,
      8.888,
      8.888,
      8.888,
      8.888
    ],
    "current": [
      0.005364418669273694,
      -0.006556511706890071,
      -0.03635883764729948,
      -0.042319302835381364,
      -0.030398372459217598,
      0.01728534904543746,
      -0.042319302835381364,
      0.023245814233519343,
      -0.05424023321154513,
      -0.012516976894971953,
      -0.042319302835381364,
      0.03516674460968311,
      -0.024437907271135716,
      -0.0005960465188081883,
      0.023245814233519343,
      0.01728534904543746,
      0.029206279421601224,
      -0.006556511706890071,
      -0.0005960465188081883,
      -0.042319302835381364,
      -0.018477442083053835,
      0.011324883857355576,
      0.03516674460968311,
      0.03516674460968311,
      -0.006556511706890071,
      0.01728534904543746,
      -0.018477442083053835,
      0.011324883857355576,
      0.005364418669273694,
      -0.030398372459217598,
      -0.042319302835381364,
      -0.0005960465188081883,
      0.01728534904543746,
      0.023245814233519343,
      0.011324883857355576,
      -0.042319302835381364,
      0.023245814233519343,
      0.04112720979776499,
      0.011324883857355576,
      -0.048279768023463246,
      0.04112720979776499,
      0.029206279421601224,
      -0.018477442083053835,
      -0.0005960465188081883,
      0.01728534904543746,
      0.01728534904543746,
      -0.018477442083053835,
      -0.0005960465188081883,
      -0.06616116358770889,
      -0.006556511706890071,
      -0.012516976894971953,
      -0.006556511706890071,
      0.005364418669273694,
      -0.012516976894971953,
      0.059008605362010635,
      -0.012516976894971953,
      -0.018477442083053835,
      0.04112720979776499,
      0.023245814233519343,
      -0.024437907271135716,
      -0.06020069839962701,
      0.04708767498584687
    ],
    "timestamps": [
      -3.4809112548828125e-05,
      0.0007050037384033203,
      0.0013892650604248047,
      0.0020170211791992188,
      0.002939462661743164,
      0.003573179244995117,
      0.0045032501220703125,
      0.005349636077880859,
      0.006010532379150391,
      0.006640434265136719,
      0.007378578186035156,
      0.008177042007446289,
      0.009088993072509766,
      0.009731292724609375,
      0.010350227355957031,
      0.010573863983154297,
      0.011676311492919922,
      0.012316703796386719,
      0.012886762619018555,
      0.013661384582519531,
      0.014337778091430664,
      0.015061616897583008,
      0.015467405319213867,
      0.01649188995361328,
      0.017218828201293945,
      0.01827239990234375,
      0.019123077392578125,
      0.01982855796813965,
      0.02056264877319336,
      0.02135300636291504,
      0.022222280502319336,
      0.02303624153137207,
      0.02373981475830078,
      0.024274349212646484,
      0.02495598793029785,
      0.02572154998779297,
      0.025946617126464844,
      0.02719426155090332,
      0.027472972869873047,
      0.028795242309570312,
      0.029555320739746094,
      0.03017449378967285,
      0.03109002113342285,
      0.03188347816467285,
      0.03260636329650879,
      0.03340864181518555,
      0.03456473350524902,
      0.03562021255493164,
      0.03619694709777832,
      0.036466360092163086,
      0.03771018981933594,
      0.038372039794921875,
      0.039087772369384766,
      0.039980173110961914,
      0.0408482551574707,
      0.041960954666137695,
      0.04304075241088867,
      0.044022321701049805,
      0.04486799240112305,
      0.04502272605895996,
      0.04613471031188965,
      0.047124385833740234
    ]
  }
}