{
  "weld_number": 34,
  "timestamp": "2025-11-15T23:59:13.436994",
  "energy_joules": 288.75,
  "peak_current_amps": 1215.3,
  "duration_ms": 86.3,
  "settings": {
    "mode": 1,
    "d1": 75,
    "gap1": 0,
    "d2": 0,
    "gap2": 0,
    "d3": 0,
    "weld_counter": 33
  },
  "data": {
    "voltage": [
      8.868,
      8.868,
      8.868,
      8.868,
      8.868,
      8.868,
      8.868,
      8.868,
      8.868,
      8.868,
      8.868,
      8.868,
      8.868,
      8.868,
      8.868,
      8.868,
      8.868,
      8.868,
      8.868,
      8.868,
      8.868,
      8.868,
      8.868,
      8.868,
      8.868,
      8.868,
      8.868,
      8.868,
      8.868,
      8.868,
      8.868,
      8.868,
      8.868,
      8.868,
      8.868,
      8.868,
      8.868,
      8.868,
      8.868,
      8.868,
      8.868,
      8.868,
      8.868,
      8.868,
      8.868,
      8.868,
      8.868,
      8.868,
      8.868,
      8.868,
      8.868,
      8.868,
      8.868,
      8.868,
      8.868,
      8.868,
      8.868,
      8.868,
      8.868,
      8.868,
      8.868,
      8.868,
      8.868,
      8.868,
      8.868,
      8.868,
      8.868,
      8.868,
      8.868,
      8.868,
      8.868,
      8.868,
      8.868,
      8.868,
      8.868,
      8.868,
      8.868,
      8.868,
      8.868,
      8.868,
      8.868,
      8.868,
      8.868,
      8.868,
      8.868,
      8.868,
      8.868,
      8.868,
      8.868,
      8.868,
      8.868,
      8.868,
      8.868,
      8.868,
      8.868,
      8.868,
      8.868,
      8.868,
      8.868,
      8.868
    ],
    "current": [
      1057.9073498138607,
      1165.6129557625002,
      1186.6712792719934,
      1195.9934468261536,
      1200.767779441807,
      1207.6223144081014,
      1212.843681912861,
      1214.6079796085332,
      1215.3470772918554,
      1214.8344772856804,
      1210.0959074611553,
      1206.5613516046228,
      1206.793809746958,
      1206.0129888073193,
      1205.1725632157998,
      1203.1996492385447,
      1199.7962236161497,
      1196.75042590504,
      1194.568895646202,
      1192.1429863146527,
      1190.7363165302652,
      1188.8408886004552,
      1186.1169560095018,
      1183.3989838837365,
      1180.3472257074386,
      1178.8630698756062,
      1175.1497000634313,
      1173.5105721367088,
      1171.281358156366,
      1169.9521744194237,
      1167.7348813694573,
      1164.8798185443661,
      1163.1810859657628,
      1161.017437102489,
      1157.8583905528058,
      1155.2119440092974,
      1154.0258114368692,
      1151.8919648995357,
      1151.6475858268243,
      1148.637550906843,
      1145.4487020312192,
      1143.0645159559865,
      1141.7174508234798,
      1140.5313182510515,
      1137.80142519491,
      1132.836357693238,
      1129.570022770169,
      1127.2812041379457,
      1125.844732027618,
      1125.1533180658005,
      1123.293652927119,
      1123.025431993655,
      1122.733369199439,
      1119.9915552129214,
      1118.3285854254466,
      1115.36623422697,
      1113.6376993224262,
      1110.9137667314728,
      1110.8005178928993,
      1109.4832550863332,
      1107.5937876217113,
      1106.473220166352,
      1106.115592255067,
      1104.5956736321061,
      1104.1724806037523,
      1103.1592015217782,
      1101.4902712691153,
      1100.0597596239757,
      1099.3087410102773,
      1099.0107177508733,
      1098.0570433207802,
      1097.3596688937746,
      1094.540368859812,
      1093.9920060625084,
      1092.376719996538,
      1090.2011502028881,
      1090.0282967124338,
      1087.7990827320912,
      1087.0421036532048,
      1085.6473547991936,
      1084.0320687332235,
      1082.386980341313,
      1081.3617803289628,
      1081.3915826549032,
      1078.1788919185271,
      1076.7304988778233,
      1074.2628662899572,
      16.26837447504693,
      -1.0408164311428585,
      0.09167195459269946,
      -1.356721086111198,
      0.75924405565787,
      -0.7189513109864365,
      1.2003184795759296,
      -0.36728386488960546,
      0.1333952109092726,
      -1.4759303898728355,
      -0.05137920992126586,
      -0.7964373584315009,
      -0.20635130481139477
    ],
    "timestamps": [
      0.0,
      0.0004928112030029297,
      0.0009713172912597656,
      0.0014469623565673828,
      0.0019199848175048828,
      0.002393960952758789,
      0.003203153610229492,
      0.0038671493530273438,
      0.0045337677001953125,
      0.0051310062408447266,
      0.006852388381958008,
      0.0077571868896484375,
      0.008636474609375,
      0.009464263916015625,
      0.010273456573486328,
      0.011082887649536133,
      0.012217521667480469,
      0.013052225112915039,
      0.013991355895996094,
      0.014997243881225586,
      0.015915632247924805,
      0.016812801361083984,
      0.01768350601196289,
      0.018552064895629883,
      0.019367694854736328,
      0.02019357681274414,
      0.021085739135742188,
      0.021974802017211914,
      0.022786378860473633,
      0.023911476135253906,
      0.024814128875732422,
      0.0256497859954834,
      0.026464462280273438,
      0.027330398559570312,
      0.0281982421875,
      0.02918219566345215,
      0.02999281883239746,
      0.03080272674560547,
      0.03166055679321289,
      0.03256630897521973,
      0.03371429443359375,
      0.0345301628112793,
      0.03536820411682129,
      0.03622174263000488,
      0.03708076477050781,
      0.038170814514160156,
      0.03902077674865723,
      0.03988051414489746,
      0.040813446044921875,
      0.04165458679199219,
      0.042472124099731445,
      0.0435788631439209,
      0.04452204704284668,
      0.045420169830322266,
      0.04631304740905762,
      0.047176361083984375,
      0.048043251037597656,
      0.04887223243713379,
      0.049697160720825195,
      0.05050969123840332,
      0.05164146423339844,
      0.05247187614440918,
      0.05337357521057129,
      0.05419731140136719,
      0.05506777763366699,
      0.056151628494262695,
      0.05702471733093262,
      0.057836055755615234,
      0.05864834785461426,
      0.05944108963012695,
      0.06031012535095215,
      0.06106853485107422,
      0.06191086769104004,
      0.06291913986206055,
      0.0638127326965332,
      0.06466865539550781,
      0.06560039520263672,
      0.06661295890808105,
      0.06744551658630371,
      0.06832671165466309,
      0.06923985481262207,
      0.07005500793457031,
      0.07086491584777832,
      0.07169938087463379,
      0.07253909111022949,
      0.07342696189880371,
      0.07457447052001953,
      0.0755319595336914,
      0.07645678520202637,
      0.07733511924743652,
      0.07826542854309082,
      0.0791630744934082,
      0.0800027847290039,
      0.0808718204498291,
      0.08181977272033691,
      0.08273625373840332,
      0.08355212211608887,
      0.08445262908935547,
      0.08526062965393066,
      0.08633184432983398
    ]
  }
}