{
  "weld_number": 37,
  "timestamp": "2025-11-16T00:18:32.260957",
  "energy_joules": 282.1,
  "peak_current_amps": 1205.4,
  "duration_ms": 84.3,
  "settings": {
    "mode": 1,
    "d1": 75,
    "gap1": 0,
    "d2": 0,
    "gap2": 0,
    "d3": 0,
    "weld_counter": 36
  },
  "data": {
    "voltage": [
      8.865,
      8.865,
      8.865,
      8.865,
      8.865,
      8.865,
      8.865,
      8.865,
      8.865,
      8.865,
      8.865,
      8.865,
      8.865,
      8.865,
      8.865,
      8.865,
      8.865,
      8.865,
      8.865,
      8.865,
      8.865,
      8.865,
      8.865,
      8.865,
      8.865,
      8.865,
      8.865,
      8.865,
      8.865,
      8.865,
      8.865,
      8.865,
      8.865,
      8.865,
      8.865,
      8.865,
      8.865,
      8.865,
      8.865,
      8.865,
      8.865,
      8.865,
      8.865,
      8.865,
      8.865,
      8.865,
      8.865,
      8.865,
      8.865,
      8.865,
      8.865,
      8.865,
      8.865,
      8.865,
      8.865,
      8.865,
      8.865,
      8.865,
      8.865,
      8.865,
      8.865,
      8.865,
      8.865,
      8.865,
      8.865,
      8.865,
      8.865,
      8.865,
      8.865,
      8.865,
      8.865,
      8.865,
      8.865,
      8.865,
      8.865,
      8.865,
      8.865,
      8.865,
      8.865,
      8.865,
      8.865,
      8.865,
      8.865,
      8.865,
      8.865,
      8.865,
      8.865,
      8.865,
      8.865,
      8.865,
      8.865
    ],
    "current": [
      0.05471707042659123,
      0.3706217253949309,
      0.05471707042659123,
      1.2944938295476225,
      0.704407775927517,
      -241.6540672366699,
      1101.876509413303,
      1185.162089486371,
      1202.3103478324829,
      1205.3680664739688,
      1204.8435455374176,
      1202.7096990000844,
      1197.2975966093059,
      1192.9583779523823,
      1189.7218453552537,
      1184.5243197112463,
      1180.936119668021,
      1176.4300079858313,
      1173.3842102747215,
      1171.107312572874,
      1168.049593931388,
      1164.9680334291497,
      1163.2156566638537,
      1159.6214961554404,
      1156.462449605757,
      1153.2736007301332,
      1151.3185681484422,
      1149.6079146394627,
      1145.5786401723194,
      1143.6295680558167,
      1144.9289494668185,
      1145.846861105783,
      1144.815700628245,
      1142.9739168851277,
      1142.1036889676675,
      1141.561286635552,
      1139.147298234379,
      1137.3472377475782,
      1135.3266400488185,
      1134.057060963757,
      1133.4073702582562,
      1132.012621404245,
      1129.9622213795449,
      1127.3217353012246,
      1127.4409446049863,
      1124.1150050300366,
      1122.0228817490197,
      1120.1214933540216,
      1117.4452444845729,
      1115.2994770168634,
      1113.3980886218653,
      1112.289442096882,
      1109.9589002083421,
      1108.0992350696606,
      1105.9236652760108,
      1105.434907130588,
      1100.2910256732732,
      1100.3685117207183,
      1098.6817000724911,
      1097.3703977311131,
      1095.248472124156,
      1094.2709558333106,
      1091.9523348751466,
      1090.1403534579697,
      1089.2701255405098,
      1088.197241806655,
      1086.8263348133962,
      1085.3898627030685,
      1084.1262440831952,
      1082.4990370868488,
      1080.3413486887632,
      1079.2207812334038,
      1076.4253230601935,
      1075.1676649055082,
      1073.6715881432995,
      1072.0205392862008,
      1071.311243928819,
      1069.7257601887893,
      1069.564827628711,
      1067.6992020248415,
      1066.5071089872251,
      1065.1421624591544,
      1062.853343826931,
      1062.4778345200818,
      1061.6433693937504,
      1.1216403390932483,
      1.9263031394843029,
      0.7997752189368268,
      0.060677535614673025,
      -0.8870364292903464,
      1.3481380162403598
    ],
    "timestamps": [
      -0.002393007278442383,
      -0.0019185543060302734,
      -0.0014424324035644531,
      -0.0009658336639404297,
      -0.0004799365997314453,
      0.0,
      0.00048041343688964844,
      0.0009605884552001953,
      0.0016314983367919922,
      0.002221345901489258,
      0.003851652145385742,
      0.004895448684692383,
      0.005881786346435547,
      0.006764411926269531,
      0.007618904113769531,
      0.008578777313232422,
      0.00943899154663086,
      0.010245561599731445,
      0.011048316955566406,
      0.011919975280761719,
      0.012757301330566406,
      0.013507366180419922,
      0.01431894302368164,
      0.01540994644165039,
      0.016377687454223633,
      0.01741504669189453,
      0.018369674682617188,
      0.019251585006713867,
      0.020280838012695312,
      0.02112412452697754,
      0.021999120712280273,
      0.02288675308227539,
      0.02370142936706543,
      0.024614572525024414,
      0.025508403778076172,
      0.026415348052978516,
      0.027310609817504883,
      0.02851271629333496,
      0.02940082550048828,
      0.03027510643005371,
      0.031109333038330078,
      0.03199625015258789,
      0.0328061580657959,
      0.0337224006652832,
      0.034735679626464844,
      0.03574562072753906,
      0.03676962852478027,
      0.03782773017883301,
      0.0388028621673584,
      0.03987693786621094,
      0.04097104072570801,
      0.04201865196228027,
      0.04307198524475098,
      0.044486045837402344,
      0.04548382759094238,
      0.046509742736816406,
      0.04752802848815918,
      0.0484921932220459,
      0.049512386322021484,
      0.05051779747009277,
      0.051542043685913086,
      0.05257225036621094,
      0.05363011360168457,
      0.05467963218688965,
      0.05568814277648926,
      0.05660367012023926,
      0.05739951133728027,
      0.058435916900634766,
      0.0594487190246582,
      0.06034588813781738,
      0.06132364273071289,
      0.062309980392456055,
      0.06365585327148438,
      0.06467247009277344,
      0.06568646430969238,
      0.06667923927307129,
      0.06765484809875488,
      0.06860709190368652,
      0.06958389282226562,
      0.07061243057250977,
      0.07164788246154785,
      0.07278084754943848,
      0.07384181022644043,
      0.07466959953308105,
      0.07572531700134277,
      0.0767526626586914,
      0.07775545120239258,
      0.07872700691223145,
      0.07977747917175293,
      0.08086133003234863,
      0.08190274238586426
    ]
  }
}