{
  "weld_number": 24,
  "timestamp": "2025-11-13T18:31:46.426180",
  "energy_joules": 0.09,
  "peak_current_amps": 0.3,
  "duration_ms": 45.1,
  "settings": {
    "mode": 1,
    "d1": 40,
    "gap1": 0,
    "d2": 0,
    "gap2": 0,
    "d3": 0,
    "weld_counter": 23
  },
  "data": {
    "voltage": [
      8.881,
      8.881,
      8.881,
      8.881,
      8.881,
      8.881,
      8.881,
      8.881,
      8.881,
      8.881,
      8.881,
      8.881,
      8.881,
      8.881,
      8.881,
      8.881,
      8.881,
      8.881,
      8.881,
      8.881,
      8.881,
      8.881,
      8.881
    ],
    "current": [
      0.3099848953961765,
      0.3099848953961765,
      0.3083101500555252,
      0.30537934570938546,
      0.3028672276984085,
      0.3020298550280828,
      0.304123286703897,
      0.30035510968743157,
      0.3032859140335713,
      0.2974243053412918,
      0.3045419730390598,
      0.304123286703897,
      0.30035510968743157,
      0.2995177370171059,
      0.29658693267096614,
      0.29072532397868656,
      0.2831889699457557,
      -0.004448542311105015,
      0.0014130663811745341,
      -0.002773796970453715,
      -0.0002616789594767656,
      -0.0002616789594767656,
      0.001831752716337359
    ],
    "timestamps": [
      0.0009555816650390625,
      0.003183603286743164,
      0.0052337646484375,
      0.007234811782836914,
      0.009245872497558594,
      0.011244058609008789,
      0.013224601745605469,
      0.015193700790405273,
      0.017343997955322266,
      0.01932239532470703,
      0.02131032943725586,
      0.023339271545410156,
      0.025399446487426758,
      0.027414560317993164,
      0.029387950897216797,
      0.03153705596923828,
      0.0335085391998291,
      0.035472869873046875,
      0.037499427795410156,
      0.0395350456237793,
      0.041951656341552734,
      0.04401683807373047,
      0.04609870910644531
    ]
  }
}