{
  "weld_number": 18,
  "timestamp": "2025-11-14T09:46:42.116049",
  "energy_joules": 0.0,
  "peak_current_amps": 0.1,
  "duration_ms": 73.1,
  "settings": {
    "mode": 1,
    "d1": 40,
    "gap1": 0,
    "d2": 0,
    "gap2": 0,
    "d3": 0,
    "weld_counter": 17
  },
  "data": {
    "voltage": [
      8.886,
      8.886,
      8.886,
      8.886,
      8.886,
      8.886,
      8.886,
      8.886,
      8.886,
      8.886,
      8.886,
      8.886,
      8.886,
      8.886,
      8.886,
      8.886,
      8.886,
      8.886,
      8.886,
      8.886,
      8.886,
      8.886,
      8.886,
      8.886,
      8.886,
      8.886,
      8.886,
      8.886,
      8.886,
      8.886,
      8.886,
      8.886,
      8.886,
      8.886,
      8.886,
      8.886,
      8.886,
      8.886,
      8.886,
      8.886,
      8.886,
      8.886,
      8.886,
      8.886,
      8.886,
      8.886,
      8.886,
      8.886,
      8.886,
      8.886,
      8.886,
      8.886,
      8.886,
      8.886,
      8.886,
      8.886,
      8.886,
      8.886,
      8.886,
      8.886,
      8.886,
      8.886,
      8.886,
      8.886,
      8.886,
      8.886,
      8.886,
      8.886,
      8.886,
      8.886,
      8.886,
      8.886,
      8.886,
      8.886,
      8.886,
      8.886,
      8.886,
      8.886,
      8.886,
      8.886,
      8.886,
      8.886,
      8.886,
      8.886,
      8.886,
      8.886,
      8.886,
      8.886,
      8.886,
      8.886
    ],
    "current": [
      -0.014543535058919792,
      0.009298325693407737,
      0.03314018644573527,
      0.009298325693407737,
      -0.0026226046827560285,
      -0.0026226046827560285,
      -0.020504000247001677,
      -0.0026226046827560285,
      0.009298325693407737,
      -0.02646446543508356,
      0.009298325693407737,
      0.015258790881489619,
      -0.0026226046827560285,
      -0.0026226046827560285,
      -0.0026226046827560285,
      -0.05626679137549297,
      -0.0026226046827560285,
      0.02717972125765338,
      0.0212192560695715,
      -0.03838539581124732,
      0.03910065163381715,
      -0.050306326187411085,
      0.0033378605053258543,
      0.04506111682189903,
      0.04506111682189903,
      0.0033378605053258543,
      -0.044345860999329204,
      -0.03242493062316544,
      0.02717972125765338,
      0.009298325693407737,
      0.009298325693407737,
      0.009298325693407737,
      0.009298325693407737,
      0.015258790881489619,
      0.08082390795039032,
      0.03910065163381715,
      0.04506111682189903,
      -0.008583069870837911,
      -0.008583069870837911,
      0.009298325693407737,
      -0.008583069870837911,
      0.0033378605053258543,
      -0.0026226046827560285,
      -0.008583069870837911,
      0.02717972125765338,
      0.0033378605053258543,
      0.03910065163381715,
      0.02717972125765338,
      0.056982047198062796,
      -0.02646446543508356,
      0.0033378605053258543,
      0.056982047198062796,
      -0.0026226046827560285,
      -0.008583069870837911,
      -0.02646446543508356,
      0.051021582009980915,
      -0.03838539581124732,
      -0.008583069870837911,
      0.009298325693407737,
      0.03314018644573527,
      0.009298325693407737,
      0.03314018644573527,
      0.0033378605053258543,
      0.015258790881489619,
      0.03910065163381715,
      0.009298325693407737,
      0.06890297757422656,
      -0.014543535058919792,
      0.04506111682189903,
      -0.02646446543508356,
      -0.0026226046827560285,
      -0.0026226046827560285,
      -0.050306326187411085,
      -0.0026226046827560285,
      -0.02646446543508356,
      0.03314018644573527,
      -0.014543535058919792,
      -0.0026226046827560285,
      -0.0026226046827560285,
      0.009298325693407737,
      0.0033378605053258543,
      0.009298325693407737,
      0.015258790881489619,
      -0.020504000247001677,
      -0.050306326187411085,
      0.009298325693407737,
      -0.014543535058919792,
      -0.008583069870837911,
      0.009298325693407737,
      0.02717972125765338
    ],
    "timestamps": [
      -0.0031080245971679688,
      -0.002918720245361328,
      -0.0024902820587158203,
      -0.002291440963745117,
      -0.0021653175354003906,
      -0.0019791126251220703,
      -0.0018525123596191406,
      -0.0016620159149169922,
      -0.00048065185546875,
      -0.0002269744873046875,
      0.000244140625,
      0.0013427734375,
      0.002026081085205078,
      0.0027875900268554688,
      0.0035424232482910156,
      0.004265785217285156,
      0.004928112030029297,
      0.005765676498413086,
      0.006377220153808594,
      0.007046222686767578,
      0.00780487060546875,
      0.008528947830200195,
      0.009305238723754883,
      0.009824275970458984,
      0.010425090789794922,
      0.011225700378417969,
      0.012088298797607422,
      0.01257467269897461,
      0.013349533081054688,
      0.01385045051574707,
      0.01477956771850586,
      0.015349149703979492,
      0.015958309173583984,
      0.0171661376953125,
      0.017653703689575195,
      0.018413543701171875,
      0.018959999084472656,
      0.019752025604248047,
      0.020366907119750977,
      0.021039247512817383,
      0.02179265022277832,
      0.022533416748046875,
      0.023101806640625,
      0.023680686950683594,
      0.024285316467285156,
      0.02502155303955078,
      0.025594472885131836,
      0.026325702667236328,
      0.02710103988647461,
      0.02765059471130371,
      0.0283200740814209,
      0.02883315086364746,
      0.02947711944580078,
      0.030244112014770508,
      0.030879497528076172,
      0.03178119659423828,
      0.03276324272155762,
      0.033505916595458984,
      0.0342252254486084,
      0.03506040573120117,
      0.03582501411437988,
      0.03671693801879883,
      0.03746318817138672,
      0.038048505783081055,
      0.03828597068786621,
      0.03921151161193848,
      0.03998303413391113,
      0.04064345359802246,
      0.041355133056640625,
      0.0420527458190918,
      0.042838096618652344,
      0.04311251640319824,
      0.04421377182006836,
      0.045409202575683594,
      0.04617142677307129,
      0.046730756759643555,
      0.04696989059448242,
      0.04807400703430176,
      0.048709869384765625,
      0.04920053482055664,
      0.06879186630249023,
      0.0690765380859375,
      0.06919741630554199,
      0.06931853294372559,
      0.06943917274475098,
      0.06955933570861816,
      0.06967997550964355,
      0.06980085372924805,
      0.06992077827453613,
      0.07004165649414062
    ]
  }
}