{
  "weld_number": 41,
  "timestamp": "2025-11-14T11:26:28.514405",
  "energy_joules": 86.71,
  "peak_current_amps": 778.0,
  "duration_ms": 35.0,
  "settings": {
    "mode": 1,
    "d1": 10,
    "gap1": 0,
    "d2": 0,
    "gap2": 0,
    "d3": 0,
    "weld_counter": 40
  },
  "data": {
    "voltage": [
      8.865,
      8.865,
      8.865,
      8.865,
      8.865,
      8.865,
      8.865,
      8.865,
      8.865,
      8.865,
      8.865,
      8.865,
      8.865,
      8.865,
      8.865,
      8.865,
      8.865,
      8.865,
      8.865,
      8.865,
      8.865,
      8.865,
      8.865,
      8.865,
      8.865,
      8.865,
      8.865,
      8.865,
      8.865,
      8.865,
      8.865,
      8.865,
      8.865,
      8.865,
      8.865,
      8.865,
      8.865,
      8.865,
      8.865,
      8.865,
      8.865,
      8.865,
      8.865,
      8.865,
      8.865,
      8.865,
      8.865,
      8.865,
      8.865,
      8.865,
      8.865,
      8.865,
      8.865,
      8.865,
      8.865,
      8.865,
      8.865,
      8.865,
      8.865,
      8.865,
      8.865,
      8.865,
      8.865,
      8.865,
      8.865,
      8.865,
      8.865,
      8.865,
      8.865,
      8.865,
      8.865,
      8.865,
      8.865,
      8.865,
      8.865,
      8.865,
      8.865,
      8.865,
      8.865,
      8.865,
      8.865,
      8.865,
      8.865,
      8.865,
      8.865,
      8.865,
      8.865,
      8.865,
      8.865,
      8.865,
      8.865,
      8.865,
      8.865,
      8.865,
      8.865,
      8.865,
      8.865,
      8.865,
      8.865,
      8.865,
      8.865,
      8.865,
      8.865,
      8.865,
      8.865,
      8.865,
      8.865,
      8.865,
      8.865,
      8.865,
      8.865,
      8.865,
      8.865,
      8.865,
      8.865,
      8.865
    ],
    "current": [
      0.007867814048268081,
      0.019788744424431844,
      -0.06365776820871451,
      0.05555153555292315,
      0.007867814048268081,
      0.06747246592908691,
      0.043630605176759374,
      -0.02789497708022321,
      -0.01597404670405945,
      -0.02789497708022321,
      0.05555153555292315,
      -0.03981590745638698,
      -0.11134148971336956,
      0.05555153555292315,
      0.05555153555292315,
      -0.03981590745638698,
      0.05555153555292315,
      -0.051736837832550744,
      -0.14710428084186086,
      -0.01597404670405945,
      0.007867814048268081,
      0.07939339630525068,
      -0.06365776820871451,
      0.05555153555292315,
      0.019788744424431844,
      -0.0040531163278956835,
      0.043630605176759374,
      0.03170967480059561,
      0.019788744424431844,
      0.07939339630525068,
      -0.11134148971336956,
      0.03170967480059561,
      -0.08749962896104203,
      0.03170967480059561,
      -0.0994205593372058,
      -0.03981590745638698,
      -0.14710428084186086,
      0.03170967480059561,
      0.007867814048268081,
      -0.03981590745638698,
      -0.11134148971336956,
      -0.01597404670405945,
      0.019788744424431844,
      -0.01597404670405945,
      -0.01597404670405945,
      -0.01597404670405945,
      -0.01597404670405945,
      -0.01597404670405945,
      -0.02789497708022321,
      -0.0994205593372058,
      0.09131432668141444,
      0.07939339630525068,
      -0.02789497708022321,
      -0.1351833504656971,
      -0.06365776820871451,
      0.09131432668141444,
      -0.051736837832550744,
      -0.051736837832550744,
      -0.03981590745638698,
      0.007867814048268081,
      -0.08749962896104203,
      -0.0040531163278956835,
      -0.03981590745638698,
      0.007867814048268081,
      777.9916260232478,
      775.2974957582348,
      773.2947794550394,
      772.3887887464509,
      771.888109670652,
      771.6258492023765,
      771.5424026897433,
      771.4947189682387,
      771.3993515252293,
      771.4231933859817,
      771.5066398986148,
      771.4589561771102,
      771.375509664477,
      771.4827980378625,
      771.5543236201195,
      771.4112724556055,
      771.447035246734,
      771.6496910631288,
      771.4827980378625,
      771.4589561771102,
      771.661611993505,
      771.6020073416241,
      771.5662445504956,
      771.4231933859817,
      771.5543236201195,
      771.6258492023765,
      771.6854538542573,
      771.5781654808718,
      771.5662445504956,
      771.5662445504956,
      771.6735329238811,
      771.5543236201195,
      771.7569794365143,
      771.661611993505,
      771.6258492023765,
      771.6258492023765,
      771.6854538542573,
      771.6973747846334,
      -0.07557869858487827,
      0.03170967480059561,
      0.05555153555292315,
      -0.0994205593372058,
      -0.12326242008953332,
      0.03170967480059561,
      0.06747246592908691,
      0.12707711780990574,
      0.019788744424431844,
      0.1032352570575782,
      -0.07557869858487827,
      0.007867814048268081,
      -0.02789497708022321,
      0.019788744424431844
    ],