{
  "weld_number": 20,
  "timestamp": "2025-11-13T18:14:47.666233",
  "energy_joules": 2160.21,
  "peak_current_amps": 2661.9,
  "duration_ms": 91.4,
  "settings": {
    "mode": 1,
    "d1": 40,
    "gap1": 0,
    "d2": 0,
    "gap2": 0,
    "d3": 0,
    "weld_counter": 19
  },
  "data": {
    "voltage": [
      8.881,
      8.881,
      8.881,
      8.881,
      8.881,
      8.881,
      8.881,
      8.881,
      8.881,
      8.881,
      8.881,
      8.881,
      8.881,
      8.881,
      8.881,
      8.881,
      8.881,
      8.881,
      8.881,
      8.881,
      8.881,
      8.881,
      8.881,
      8.881,
      8.881,
      8.881,
      8.881,
      8.881,
      8.881,
      8.881,
      8.881,
      8.881,
      8.881,
      8.881,
      8.881,
      8.881,
      8.881,
      8.881,
      8.881,
      8.881,
      8.881,
      8.881,
      8.881,
      8.881,
      8.881,
      8.881
    ],
    "current": [
      2661.9369609745986,
      2661.948684191983,
      2661.948684191983,
      2661.9482655056477,
      2661.9470094466424,
      2661.944078642296,
      2661.9415665242855,
      2661.9419852106203,
      2661.94114783795,
      2661.9403104652797,
      2661.9403104652797,
      2661.9390544062744,
      2661.9428225832908,
      2661.94114783795,
      2661.933611483917,
      2661.939473092609,
      2661.9352862292576,
      2661.64597397166,
      2661.638018931292,
      2661.6396936766328,
      2661.6392749902975,
      2661.6392749902975,
      2661.6388563039627,
      2661.638018931292,
      2661.6405310493033,
      2661.6392749902975,
      2661.637600244957,
      2661.6363441859517,
      2661.6384376176275,
      2661.6388563039627,
      2661.6409497356385,
      2661.6413684219733,
      2661.6384376176275,
      2661.640112362968,
      2661.6417871083086,
      2661.6363441859517,
      2661.6359254996164,
      2661.6392749902975,
      2661.638018931292,
      2661.638018931292,
      2661.640112362968,
      2661.640112362968,
      2661.6396936766328,
      2661.6392749902975,
      2661.6392749902975,
      2661.6388563039627
    ],
    "timestamps": [
      0.0011200904846191406,
      0.003351449966430664,
      0.0055234432220458984,
      0.007658243179321289,
      0.009758949279785156,
      0.011857271194458008,
      0.013954401016235352,
      0.01608729362487793,
      0.018164873123168945,
      0.02030181884765625,
      0.022395849227905273,
      0.02454400062561035,
      0.02666330337524414,
      0.02874922752380371,
      0.030831098556518555,
      0.03310036659240723,
      0.035189151763916016,
      0.03720402717590332,
      0.03919625282287598,
      0.041188955307006836,
      0.043511390686035156,
      0.04547476768493652,
      0.0474398136138916,
      0.04941916465759277,
      0.05150628089904785,
      0.053440093994140625,
      0.05551457405090332,
      0.05756688117980957,
      0.0596005916595459,
      0.06161165237426758,
      0.0635066032409668,
      0.06545090675354004,
      0.06739664077758789,
      0.06934475898742676,
      0.07126522064208984,
      0.07315349578857422,
      0.07522368431091309,
      0.07712101936340332,
      0.07900810241699219,
      0.08088994026184082,
      0.08278107643127441,
      0.08474564552307129,
      0.08667707443237305,
      0.08856916427612305,
      0.09052085876464844,
      0.09250307083129883
    ]
  }
}