{
  "weld_number": 20,
  "timestamp": "2025-11-14T09:53:40.619947",
  "energy_joules": 0.0,
  "peak_current_amps": 0.1,
  "duration_ms": 56.4,
  "settings": {
    "mode": 1,
    "d1": 40,
    "gap1": 0,
    "d2": 0,
    "gap2": 0,
    "d3": 0,
    "weld_counter": 19
  },
  "data": {
    "voltage": [
      8.884,
      8.884,
      8.884,
      8.884,
      8.884,
      8.884,
      8.884,
      8.884,
      8.884,
      8.884,
      8.884,
      8.884,
      8.884,
      8.884,
      8.884,
      8.884,
      8.884,
      8.884,
      8.884,
      8.884,
      8.884,
      8.884,
      8.884,
      8.884,
      8.884,
      8.884,
      8.884,
      8.884,
      8.884,
      8.884,
      8.884,
      8.884,
      8.884,
      8.884,
      8.884,
      8.884,
      8.884,
      8.884,
      8.884,
      8.884,
      8.884,
      8.884,
      8.884,
      8.884,
      8.884,
      8.884,
      8.884,
      8.884,
      8.884,
      8.884,
      8.884,
      8.884,
      8.884,
      8.884,
      8.884,
      8.884,
      8.884,
      8.884,
      8.884,
      8.884,
      8.884,
      8.884,
      8.884,
      8.884,
      8.884,
      8.884,
      8.884,
      8.884,
      8.884,
      8.884,
      8.884,
      8.884,
      8.884,
      8.884,
      8.884,
      8.884,
      8.884,
      8.884,
      8.884,
      8.884,
      8.884,
      8.884,
      8.884
    ],
    "current": [
      0.03170967480059561,
      0.049591070364841255,
      -0.00405311632789568,
      0.001907348860186202,
      0.01978874442443185,
      0.025749209612513733,
      0.001907348860186202,
      0.03170967480059561,
      0.061512000741005025,
      0.007867814048268085,
      -0.010013581515977562,
      -0.039815907456386974,
      0.01978874442443185,
      -0.00405311632789568,
      0.049591070364841255,
      -0.03385544226830509,
      -0.021934511892141326,
      0.025749209612513733,
      -0.039815907456386974,
      -0.00405311632789568,
      -0.00405311632789568,
      0.025749209612513733,
      0.025749209612513733,
      -0.027894977080223208,
      0.025749209612513733,
      -0.015974046704059445,
      -0.010013581515977562,
      -0.03385544226830509,
      -0.00405311632789568,
      -0.03385544226830509,
      -0.015974046704059445,
      -0.010013581515977562,
      0.03170967480059561,
      0.08535386149333256,
      0.01978874442443185,
      -0.015974046704059445,
      -0.010013581515977562,
      -0.010013581515977562,
      0.007867814048268085,
      0.01978874442443185,
      0.013828279236349968,
      0.025749209612513733,
      -0.027894977080223208,
      0.043630605176759374,
      -0.06961823339679639,
      -0.010013581515977562,
      -0.04577637264446886,
      0.03767013998867749,
      -0.027894977080223208,
      0.025749209612513733,
      -0.027894977080223208,
      -0.04577637264446886,
      0.025749209612513733,
      0.001907348860186202,
      0.0734329311171688,
      0.001907348860186202,
      0.01978874442443185,
      0.0734329311171688,
      -0.03385544226830509,
      0.001907348860186202,
      -0.010013581515977562,
      0.025749209612513733,
      0.025749209612513733,
      -0.00405311632789568,
      0.03170967480059561,
      -0.051736837832550744,
      -0.039815907456386974,
      0.007867814048268085,
      0.043630605176759374,
      0.01978874442443185,
      0.025749209612513733,
      -0.021934511892141326,
      -0.00405311632789568,
      0.013828279236349968,
      0.007867814048268085,
      -0.015974046704059445,
      0.0734329311171688,
      0.007867814048268085,
      0.007867814048268085,
      0.025749209612513733,
      0.03170967480059561,
      0.001907348860186202,
      0.013828279236349968
    ],
    "timestamps": [
      -0.002338886260986328,
      -0.0021390914916992188,
      -0.0019745826721191406,
      -0.0017735958099365234,
      -0.0016417503356933594,
      -0.0014238357543945312,
      -0.0012927055358886719,
      -0.001003265380859375,
      -0.0008714199066162109,
      -0.0002422332763671875,
      0.0007712841033935547,
      0.0016994476318359375,
      0.0024232864379882812,
      0.0030198097229003906,
      0.003860950469970703,
      0.004603862762451172,
      0.005347013473510742,
      0.005927324295043945,
      0.006565093994140625,
      0.0073549747467041016,
      0.008152484893798828,
      0.008857250213623047,
      0.00957179069519043,
      0.010588884353637695,
      0.011392354965209961,
      0.012206792831420898,
      0.012884378433227539,
      0.013999462127685547,
      0.014798641204833984,
      0.015299558639526367,
      0.016417503356933594,
      0.01730656623840332,
      0.01808762550354004,
      0.018812179565429688,
      0.019719600677490234,
      0.02059197425842285,
      0.0214388370513916,
      0.022285938262939453,
      0.02310323715209961,
      0.023926973342895508,
      0.024641990661621094,
      0.024779081344604492,
      0.025712966918945312,
      0.027016639709472656,
      0.027552127838134766,
      0.02837395668029785,
      0.029103755950927734,
      0.030030488967895508,
      0.03119516372680664,
      0.03180408477783203,
      0.03239846229553223,
      0.0332798957824707,
      0.03341960906982422,
      0.03481030464172363,
      0.035027503967285156,
      0.0361788272857666,
      0.036470651626586914,
      0.037226200103759766,
      0.03790545463562012,
      0.038552284240722656,
      0.03918647766113281,
      0.03982138633728027,
      0.04087328910827637,
      0.04153943061828613,
      0.04182767868041992,
      0.04259753227233887,
      0.044310808181762695,
      0.044997453689575195,
      0.04561042785644531,
      0.0460050106048584,
      0.04710555076599121,
      0.04740405082702637,
      0.04836916923522949,
      0.05280423164367676,
      0.05292630195617676,
      0.053215742111206055,
      0.05333828926086426,
      0.05346059799194336,
      0.05358266830444336,
      0.05370497703552246,
      0.05382728576660156,
      0.053949594497680664,
      0.054071664810180664
    ]
  }
}