{
  "weld_number": 38,
  "timestamp": "2025-11-16T00:25:45.513673",
  "energy_joules": 296.62,
  "peak_current_amps": 1219.7,
  "duration_ms": 87.5,
  "settings": {
    "mode": 1,
    "d1": 80,
    "gap1": 0,
    "d2": 0,
    "gap2": 0,
    "d3": 0
  },
  "data": {
    "voltage": [
      8.864,
      8.864,
      8.864,
      8.864,
      8.864,
      8.864,
      8.864,
      8.864,
      8.864,
      8.864,
      8.864,
      8.864,
      8.864,
      8.864,
      8.864,
      8.864,
      8.864,
      8.864,
      8.864,
      8.864,
      8.864,
      8.864,
      8.864,
      8.864,
      8.864,
      8.864,
      8.864,
      8.864,
      8.864,
      8.864,
      8.864,
      8.864,
      8.864,
      8.864,
      8.864,
      8.864,
      8.864,
      8.864,
      8.864,
      8.864,
      8.864,
      8.864,
      8.864,
      8.864,
      8.864,
      8.864,
      8.864,
      8.864,
      8.864,
      8.864,
      8.864,
      8.864,
      8.864,
      8.864,
      8.864,
      8.864,
      8.864,
      8.864,
      8.864,
      8.864,
      8.864,
      8.864,
      8.864,
      8.864,
      8.864,
      8.864,
      8.864,
      8.864,
      8.864,
      8.864,
      8.864,
      8.864,
      8.864,
      8.864,
      8.864,
      8.864,
      8.864,
      8.864,
      8.864,
      8.864,
      8.864,
      8.864,
      8.864,
      8.864,
      8.864,
      8.864,
      8.864,
      8.864,
      8.864,
      8.864,
      8.864,
      8.864,
      8.864,
      8.864,
      8.864,
      8.864,
      8.864,
      8.864,
      8.864,
      8.864,
      8.864,
      8.864,
      8.864,
      8.864
    ],
    "current": [
      1202.9826287010465,
      1214.7783893082606,
      1218.3725498166739,
      1219.6778916928638,
      1218.81958470578,
      1217.4725195732735,
      1216.930117241158,
      1215.9227986243723,
      1215.1479381499216,
      1212.5789776538584,
      1209.2649590092847,
      1206.374133393065,
      1204.3118124379887,
      1200.473272856864,
      1196.2651844340783,
      1193.1657425362757,
      1188.4927378288194,
      1186.060868032082,
      1182.8899005520225,
      1180.4043865685921,
      1175.6121725573744,
      1172.7988329885998,
      1167.7622399046707,
      1164.50186544679,
      1164.0607910228719,
      1161.4977909919965,
      1160.0434374861045,
      1159.2447351509015,
      1156.0380048797135,
      1152.72398623514,
      1151.9491257606894,
      1149.8570024796727,
      1148.0152187365554,
      1145.2257210285331,
      1143.9263396175313,
      1141.0593558620637,
      1140.2427721312965,
      1138.526158157129,
      1135.176376721427,
      1131.761030168656,
      1129.9252068907267,
      1128.2085929165592,
      1125.9138138191477,
      1125.216439392142,
      1123.1421975066896,
      1120.40634398536,
      1120.036795143699,
      1118.4691927992335,
      1116.830064872511,
      1115.661813695647,
      1114.8929136863844,
      1113.772346231025,
      1112.5802531934085,
      1111.316634573535,
      1110.8278764281124,
      1109.6655857164365,
      1108.241034536485,
      1105.910492647945,
      1104.6468740280716,
      1103.6216740157215,
      1102.2448065572746,
      1099.7354507130922,
      1098.0367181344889,
      1095.1935762397738,
      1092.6961413259673,
      1091.3073529371443,
      1091.438483171282,
      1089.9602878046378,
      1088.6311040676956,
      1087.5820621945932,
      1084.8104458821351,
      1083.213041211729,
      1080.4950690859637,
      1078.9393876718743,
      1077.4433109096658,
      1076.2810201979898,
      1074.6776550623958,
      1073.7776248189955,
      1073.1934992305635,
      1072.0073666581352,
      1069.6172201177144,
      1068.5979805705524,
      1066.4283712420906,
      1066.1005456567461,
      1065.1230293659007,
      1064.5269828470923,
      1063.8951735371556,
      1063.6388735340681,
      1063.3110479487236,
      1062.9832223633791,
      1061.439461879666,
      1061.1354781550738,
      1059.0910385955617,
      1057.5532385770366,
      2.5449398213553214,
      -1.0671020826222992,
      1.1323095717799156,
      -0.6260276587042403,
      1.2217165496011437,
      1.543581669757565,
      -0.08362532658878849,
      0.5899072396644645,
      -0.5843044023876671,
      -0.679671845396977
    ],
    "timestamps": [
      0.0,
      0.0004978179931640625,
      0.0009748935699462891,
      0.001451253890991211,
      0.002092123031616211,
      0.002568960189819336,
      0.003045320510864258,
      0.003519773483276367,
      0.004263162612915039,
      0.004880666732788086,
      0.0063381195068359375,
      0.0072231292724609375,
      0.008113622665405273,
      0.008978128433227539,
      0.009786844253540039,
      0.010611295700073242,
      0.011474370956420898,
      0.01235818862915039,
      0.013669729232788086,
      0.014611005783081055,
      0.015510082244873047,
      0.016374826431274414,
      0.017253875732421875,
      0.01810908317565918,
      0.018927335739135742,
      0.01975417137145996,
      0.02069830894470215,
      0.021566390991210938,
      0.0224151611328125,
      0.023266315460205078,
      0.024120092391967773,
      0.024939298629760742,
      0.025774478912353516,
      0.0265960693359375,
      0.027420997619628906,
      0.028268814086914062,
      0.029170751571655273,
      0.030031919479370117,
      0.030887126922607422,
      0.03223156929016113,
      0.033126115798950195,
      0.033985137939453125,
      0.034780263900756836,
      0.03556537628173828,
      0.03638100624084473,
      0.03715848922729492,
      0.037931203842163086,
      0.03870224952697754,
      0.03946733474731445,
      0.04028439521789551,
      0.04109501838684082,
      0.04184365272521973,
      0.04270005226135254,
      0.04345393180847168,
      0.04421854019165039,
      0.04506802558898926,
      0.04596352577209473,
      0.04683494567871094,
      0.04793858528137207,
      0.04883718490600586,
      0.04970145225524902,
      0.050574302673339844,
      0.051670074462890625,
      0.05283665657043457,
      0.05366206169128418,
      0.05452251434326172,
      0.055377960205078125,
      0.05628609657287598,
      0.05716300010681152,
      0.05799150466918945,
      0.058823585510253906,
      0.05961418151855469,
      0.06087136268615723,
      0.06165122985839844,
      0.0625309944152832,
      0.06342267990112305,
      0.06427335739135742,
      0.06508636474609375,
      0.06589746475219727,
      0.06675553321838379,
      0.06765103340148926,
      0.06851911544799805,
      0.06937432289123535,
      0.07014918327331543,
      0.07095861434936523,
      0.07170557975769043,
      0.0726313591003418,
      0.07345128059387207,
      0.07427310943603516,
      0.07514309883117676,
      0.07601356506347656,
      0.07693767547607422,
      0.07780194282531738,
      0.07860469818115234,
      0.07973480224609375,
      0.08056974411010742,
      0.081390380859375,
      0.08227133750915527,
      0.0831298828125,
      0.08391857147216797,
      0.08474993705749512,
      0.08564424514770508,
      0.0865166187286377,
      0.08749866485595703
    ]
  }
}