{
  "weld_number": 27,
  "timestamp": "2025-11-15T23:47:26.679070",
  "energy_joules": 229.45,
  "peak_current_amps": 1314.3,
  "duration_ms": 65.9,
  "settings": {
    "mode": 1,
    "d1": 50,
    "gap1": 0,
    "d2": 0,
    "gap2": 0,
    "d3": 0,
    "weld_counter": 26
  },
  "data": {
    "voltage": [
      8.872,
      8.872,
      8.872,
      8.872,
      8.872,
      8.872,
      8.872,
      8.872,
      8.872,
      8.872,
      8.872,
      8.872,
      8.872,
      8.872,
      8.872,
      8.872,
      8.872,
      8.872,
      8.872,
      8.872,
      8.872,
      8.872,
      8.872,
      8.872,
      8.872,
      8.872,
      8.872,
      8.872,
      8.872,
      8.872,
      8.872,
      8.872,
      8.872,
      8.872,
      8.872,
      8.872,
      8.872,
      8.872,
      8.872,
      8.872,
      8.872,
      8.872,
      8.872,
      8.872,
      8.872,
      8.872,
      8.872,
      8.872,
      8.872,
      8.872,
      8.872,
      8.872,
      8.872,
      8.872,
      8.872,
      8.872,
      8.872,
      8.872,
      8.872,
      8.872,
      8.872,
      8.872,
      8.872,
      8.872,
      8.872,
      8.872,
      8.872,
      8.872,
      8.872,
      8.872,
      8.872,
      8.872,
      8.872,
      8.872,
      8.872,
      8.872
    ],
    "current": [
      1.1519195022487045,
      1.2472869452580144,
      -0.8269549401944805,
      453.55718774285174,
      1237.8232762602895,
      1299.1803049064047,
      1312.1204748297303,
      1314.0814678766094,
      1314.2900841581923,
      1312.823809721924,
      1307.3163398881363,
      1301.391637491183,
      1298.2802746630043,
      1295.6457490498722,
      1290.9191001557228,
      1288.314376868531,
      1281.9903233039763,
      1278.4796093081961,
      1274.194034837965,
      1270.9336603800843,
      1267.56003708363,
      1265.3367835684755,
      1262.9168347021143,
      1259.1259788424943,
      1257.4153253335148,
      1253.880769476982,
      1250.9720624651982,
      1249.4819461681777,
      1245.5838019351722,
      1241.566448398405,
      1238.6219785954925,
      1236.9351669472653,
      1235.0635808782076,
      1232.399252939135,
      1230.2177226802971,
      1227.0944389217423,
      1225.8904249537497,
      1223.4227923658839,
      1220.1385760472506,
      1217.5636550859992,
      1215.1675480803904,
      1212.2588410686064,
      1209.8090898763046,
      1206.3520200672172,
      1201.5955688471279,
      1201.4346362870497,
      1199.8074292907033,
      1198.1623408987928,
      1195.3549617952062,
      1194.3297617828562,
      1192.5475826916197,
      1191.1826361635488,
      1188.9653431135823,
      1187.3202547216717,
      1186.17584540556,
      1183.2194546722715,
      1180.7935453407222,
      1179.1544174139997,
      1176.9550057595975,
      1176.8298359906478,
      1174.3324010768415,
      7.493854462367829,
      1.694321834364156,
      0.40686135373846904,
      -1.5362502975762247,
      0.454545075243124,
      -1.2501479685482941,
      1.110196245932131,
      -0.9878875002726912,
      0.8062125213399549,
      1.539349739474027,
      -0.749468892749416,
      -0.07593632649616308,
      0.8121729865280367,
      0.13864042027478435,
      0.7585287998353005
    ],
    "timestamps": [
      -0.0014388561248779297,
      -0.0009620189666748047,
      -0.00048351287841796875,
      0.0,
      0.0005023479461669922,
      0.0009777545928955078,
      0.0014514923095703125,
      0.0019230842590332031,
      0.0025870800018310547,
      0.003175497055053711,
      0.00471186637878418,
      0.005716085433959961,
      0.0066471099853515625,
      0.0074901580810546875,
      0.008399486541748047,
      0.009244918823242188,
      0.010138273239135742,
      0.010987043380737305,
      0.011993169784545898,
      0.012855291366577148,
      0.013748884201049805,
      0.01459360122680664,
      0.015469074249267578,
      0.016286134719848633,
      0.017134666442871094,
      0.017967939376831055,
      0.0187222957611084,
      0.019524097442626953,
      0.02063894271850586,
      0.021594524383544922,
      0.02247452735900879,
      0.023346662521362305,
      0.02423691749572754,
      0.025095224380493164,
      0.0260465145111084,
      0.02700209617614746,
      0.027898073196411133,
      0.02882695198059082,
      0.029876708984375,
      0.030722856521606445,
      0.03155183792114258,
      0.03266501426696777,
      0.03350520133972168,
      0.03440427780151367,
      0.035286903381347656,
      0.03614449501037598,
      0.03698921203613281,
      0.03786301612854004,
      0.03903388977050781,
      0.03993082046508789,
      0.0408473014831543,
      0.04172849655151367,
      0.04260373115539551,
      0.043781280517578125,
      0.04465460777282715,
      0.0459284782409668,
      0.04719901084899902,
      0.048223257064819336,
      0.04906153678894043,
      0.0498960018157959,
      0.05076146125793457,
      0.05158400535583496,
      0.05274152755737305,
      0.05364108085632324,
      0.054823875427246094,
      0.05569791793823242,
      0.05655384063720703,
      0.05738711357116699,
      0.05827045440673828,
      0.059098005294799805,
      0.05992555618286133,
      0.06076836585998535,
      0.061858415603637695,
      0.0626976490020752,
      0.06351590156555176,
      0.06442785263061523
    ]
  }
}