{
  "weld_number": 27,
  "timestamp": "2025-11-14T10:17:01.533872",
  "energy_joules": 0.01,
  "peak_current_amps": 0.1,
  "duration_ms": 65.2,
  "settings": {
    "mode": 1,
    "d1": 40,
    "gap1": 0,
    "d2": 0,
    "gap2": 0,
    "d3": 0,
    "weld_counter": 26
  },
  "data": {
    "voltage": [
      8.881,
      8.881,
      8.881,
      8.881,
      8.881,
      8.881,
      8.881,
      8.881,
      8.881,
      8.881,
      8.881,
      8.881,
      8.881,
      8.881,
      8.881,
      8.881,
      8.881,
      8.881,
      8.881,
      8.881,
      8.881,
      8.881,
      8.881,
      8.881,
      8.881,
      8.881,
      8.881,
      8.881,
      8.881,
      8.881,
      8.881,
      8.881,
      8.881,
      8.881,
      8.881,
      8.881,
      8.881,
      8.881,
      8.881,
      8.881,
      8.881,
      8.881,
      8.881,
      8.881,
      8.881,
      8.881,
      8.881,
      8.881,
      8.881,
      8.881,
      8.881,
      8.881,
      8.881,
      8.881,
      8.881,
      8.881,
      8.881,
      8.881,
      8.881,
      8.881,
      8.881,
      8.881,
      8.881,
      8.881,
      8.881,
      8.881,
      8.881,
      8.881,
      8.881,
      8.881,
      8.881,
      8.881,
      8.881,
      8.881,
      8.881,
      8.881,
      8.881,
      8.881,
      8.881,
      8.881,
      8.881,
      8.881,
      8.881,
      8.881,
      8.881,
      8.881,
      8.881,
      8.881,
      8.881,
      8.881,
      8.881,
      8.881,
      8.881,
      8.881,
      8.881,
      8.881,
      8.881,
      8.881,
      8.881,
      8.881,
      8.881,
      8.881,
      8.881,
      8.881,
      8.881,
      8.881,
      8.881,
      8.881,
      8.881,
      8.881,
      8.881,
      8.881,
      8.881,
      8.881,
      8.881,
      8.881,
      8.881,
      8.881,
      8.881,
      8.881,
      8.881,
      8.881,
      8.881,
      8.881,
      8.881,
      8.881,
      8.881,
      8.881,
      8.881,
      8.881,
      8.881,
      8.881,
      8.881,
      8.881,
      8.881,
      8.881,
      8.881,
      8.881,
      8.881,
      8.881,
      8.881,
      8.881,
      8.881,
      8.881,
      8.881,
      8.881,
      8.881,
      8.881,
      8.881,
      8.881
    ],
    "current": [
      0.0005960465188081878,
      0.00655651170689007,
      -0.06496907055009252,
      0.06020069839962701,
      0.0303983724592176,
      0.018477442083053835,
      0.018477442083053835,
      0.0303983724592176,
      0.00655651170689007,
      -0.04708767498584687,
      0.024437907271135716,
      0.012516976894971953,
      0.00655651170689007,
      0.00655651170689007,
      0.06020069839962701,
      -0.029206279421601224,
      0.03635883764729948,
      0.0005960465188081878,
      -0.029206279421601224,
      0.012516976894971953,
      -0.011324883857355576,
      0.0005960465188081878,
      -0.005364418669273695,
      -0.03516674460968311,
      0.018477442083053835,
      0.0005960465188081878,
      -0.005364418669273695,
      0.018477442083053835,
      -0.029206279421601224,
      -0.011324883857355576,
      -0.011324883857355576,
      0.00655651170689007,
      0.0303983724592176,
      -0.03516674460968311,
      -0.017285349045437458,
      -0.005364418669273695,
      -0.011324883857355576,
      0.024437907271135716,
      -0.04112720979776499,
      0.018477442083053835,
      0.042319302835381364,
      0.048279768023463246,
      0.03635883764729948,
      0.03635883764729948,
      0.0303983724592176,
      -0.029206279421601224,
      0.012516976894971953,
      0.024437907271135716,
      0.0303983724592176,
      0.018477442083053835,
      0.03635883764729948,
      0.03635883764729948,
      0.012516976894971953,
      0.0303983724592176,
      -0.029206279421601224,
      0.018477442083053835,
      0.00655651170689007,
      0.0005960465188081878,
      0.00655651170689007,
      -0.005364418669273695,
      0.042319302835381364,
      0.0005960465188081878,
      0.012516976894971953,
      0.0303983724592176,
      0.024437907271135716,
      0.0303983724592176,
      -0.029206279421601224,
      0.00655651170689007,
      -0.005364418669273695,
      0.00655651170689007,
      -0.017285349045437458,
      0.00655651170689007,
      0.018477442083053835,
      -0.005364418669273695,
      0.024437907271135716,
      0.03635883764729948,
      0.0303983724592176,
      0.048279768023463246,
      -0.023245814233519343,
      -0.029206279421601224,
      -0.017285349045437458,
      0.00655651170689007,
      -0.011324883857355576,
      -0.005364418669273695,
      0.018477442083053835,
      -0.04112720979776499,
      0.0303983724592176,
      0.00655651170689007,
      -0.029206279421601224,
      0.0303983724592176,
      0.00655651170689007,
      0.024437907271135716,
      0.08404255915195454,
      -0.005364418669273695,
      0.03635883764729948,
      -0.029206279421601224,
      -0.04112720979776499,
      0.0005960465188081878,
      0.012516976894971953,
      -0.005364418669273695,
      0.06616116358770889,
      0.012516976894971953,
      0.03635883764729948,
      0.018477442083053835,
      0.06020069839962701,
      -0.017285349045437458,
      0.012516976894971953,
      0.042319302835381364,
      -0.005364418669273695,
      0.018477442083053835,
      0.042319302835381364,
      0.024437907271135716,
      0.042319302835381364,
      0.03635883764729948,
      -0.011324883857355576,
      0.0005960465188081878,
      0.018477442083053835,
      0.00655651170689007,
      0.00655651170689007,
      -0.005364418669273695,
      -0.04708767498584687,
      0.07808209396387265,
      -0.023245814233519343,
      0.05424023321154513,
      0.05424023321154513,
      -0.023245814233519343,
      0.018477442083053835,
      -0.04112720979776499,
      -0.053048140173928754,
      -0.011324883857355576,
      0.05424023321154513,
      0.03635883764729948,
      0.06616116358770889,
      -0.059008605362010635,
      0.00655651170689007,
      -0.04112720979776499,
      -0.023245814233519343,
      -0.017285349045437458,
      0.00655651170689007,
      -0.011324883857355576,
      -0.03516674460968311,
      0.024437907271135716,
      0.0303983724592176,
      0.00655651170689007,
      0.05424023321154513,
      -0.005364418669273695,
      0.0005960465188081878,
      -0.017285349045437458,
      0.012516976894971953,
      -0.011324883857355576
    ],