{
  "weld_number": 22,
  "timestamp": "2025-11-13T18:17:46.764829",
  "energy_joules": 59.53,
  "peak_current_amps": 2661.6,
  "duration_ms": 2.5,
  "settings": {
    "mode": 1,
    "d1": 40,
    "gap1": 0,
    "d2": 0,
    "gap2": 0,
    "d3": 0,
    "weld_counter": 21
  },
  "data": {
    "voltage": [
      8.884,
      8.884
    ],
    "current": [
      2661.6396936766328,
      2661.6409497356385
    ],
    "timestamps": [
      0.0013720989227294922,
      0.0038895606994628906
    ]
  }
}