{
  "weld_number": 26,
  "timestamp": "2025-11-13T18:37:05.231705",
  "energy_joules": 0.15,
  "peak_current_amps": 0.6,
  "duration_ms": 47.2,
  "settings": {
    "mode": 1,
    "d1": 40,
    "gap1": 0,
    "d2": 0,
    "gap2": 0,
    "d3": 0,
    "weld_counter": 25
  },
  "data": {
    "voltage": [
      8.885,
      8.885,
      8.885,
      8.885,
      8.885,
      8.885,
      8.885,
      8.885,
      8.885,
      8.885,
      8.885,
      8.885,
      8.885,
      8.885,
      8.885,
      8.885,
      8.885,
      8.885,
      8.885,
      8.885,
      8.885,
      8.885
    ],
    "current": [
      0.5606562567539521,
      0.5621100287510452,
      0.5453916507844742,
      0.5461185367830207,
      0.543937878787381,
      0.5446647647859275,
      0.538849676797555,
      0.533761474807729,
      0.5352152468048221,
      0.5373959048004618,
      0.5344883608062756,
      0.5344883608062756,
      0.5344883608062756,
      0.533761474807729,
      0.003861581867278659,
      0.003134695868732088,
      0.003861581867278659,
      0.002407809870185517,
      0.005315353864371801,
      -0.004861050115280194,
      -0.0012266201225473387,
      -0.002680392119640481
    ],
    "timestamps": [
      0.0009007453918457031,
      0.0034856796264648438,
      0.006089687347412109,
      0.008817434310913086,
      0.01098489761352539,
      0.013132095336914062,
      0.015237092971801758,
      0.01732325553894043,
      0.01939845085144043,
      0.021494626998901367,
      0.02358698844909668,
      0.025738954544067383,
      0.028057336807250977,
      0.030347108840942383,
      0.03238081932067871,
      0.034430742263793945,
      0.03645777702331543,
      0.03851032257080078,
      0.040704965591430664,
      0.043134212493896484,
      0.045652151107788086,
      0.048105478286743164
    ]
  }
}