{
  "weld_number": 14,
  "timestamp": "2025-11-13T17:34:35.762832",
  "energy_joules": 1937.27,
  "peak_current_amps": 2661.6,
  "duration_ms": 83.5,
  "settings": {
    "mode": 1,
    "d1": 40,
    "gap1": 0,
    "d2": 0,
    "gap2": 0,
    "d3": 0,
    "weld_counter": 13
  },
  "data": {
    "voltage": [
      8.717,
      8.717,
      8.717,
      8.717,
      8.717
    ],
    "current": [
      2661.6409497356385,
      2661.642205794644,
      2661.636762872287,
      2661.6392749902975,
      2661.6371815586217
    ],
    "timestamps": [
      0.0015797615051269531,
      0.022500276565551758,
      0.04336738586425781,
      0.06421899795532227,
      0.08507752418518066
    ]
  }
}