{
  "weld_number": 30,
  "timestamp": "2025-11-13T19:23:09.484377",
  "energy_joules": 135.86,
  "peak_current_amps": 386.4,
  "duration_ms": 58.5,
  "settings": {
    "mode": 1,
    "d1": 40,
    "gap1": 0,
    "d2": 0,
    "gap2": 0,
    "d3": 0,
    "weld_counter": 29
  },
  "data": {
    "voltage": [
      8.883,
      8.883,
      8.883,
      8.883,
      8.883,
      8.883,
      8.883,
      8.883,
      8.883,
      8.883,
      8.883,
      8.883,
      8.883,
      8.883,
      8.883,
      8.883,
      8.883,
      8.883,
      8.883,
      8.883,
      8.883,
      8.883,
      8.883,
      8.883,
      8.883,
      8.883,
      8.883,
      8.883,
      8.883,
      8.883,
      8.883,
      8.883,
      8.883
    ],
    "current": [
      -0.00037252907425511765,
      -0.036135320202746415,
      385.9516693296038,
      385.90398560809916,
      385.9576297947919,
      386.03511584223696,
      386.0291553770489,
      386.06491816817737,
      386.0470367726131,
      386.07087863336545,
      386.04107630742504,
      386.1483646808105,
      386.20200886750325,
      386.1602856111867,
      386.17220654156284,
      386.1483646808105,
      386.1900879371271,
      386.20200886750325,
      386.26161351938407,
      386.2258507282556,
      386.2794949149483,
      386.2496925890079,
      386.3092972408887,
      386.36294142758146,
      0.029429796866154295,
      0.005587936113826765,
      -0.00037252907425511765,
      0.04135072724231806,
      -0.00037252907425511765,
      0.029429796866154295,
      -0.006332994262337,
      -0.00037252907425511765,
      -0.00037252907425511765
    ],
    "timestamps": [
      -0.013858556747436523,
      -0.012381315231323242,
      -0.010721445083618164,
      -0.009220123291015625,
      -0.00774073600769043,
      -0.0062601566314697266,
      -0.004610300064086914,
      -0.0031325817108154297,
      -0.0016524791717529297,
      -0.0001468658447265625,
      0.002589702606201172,
      0.004488945007324219,
      0.006421566009521484,
      0.008298397064208984,
      0.010380983352661133,
      0.012253284454345703,
      0.014149665832519531,
      0.016008615493774414,
      0.017841339111328125,
      0.019671916961669922,
      0.02150106430053711,
      0.023328542709350586,
      0.02514815330505371,
      0.02714228630065918,
      0.028967857360839844,
      0.030805349349975586,
      0.032636165618896484,
      0.03467106819152832,
      0.036490440368652344,
      0.03834247589111328,
      0.04024314880371094,
      0.04275321960449219,
      0.04464149475097656
    ]
  }
}