{
  "weld_number": 24,
  "timestamp": "2025-11-14T10:03:38.880242",
  "energy_joules": 0.01,
  "peak_current_amps": 0.1,
  "duration_ms": 69.2,
  "settings": {
    "mode": 1,
    "d1": 40,
    "gap1": 0,
    "d2": 0,
    "gap2": 0,
    "d3": 0,
    "weld_counter": 23
  },
  "data": {
    "voltage": [
      8.89,
      8.89,
      8.89,
      8.89,
      8.89,
      8.89,
      8.89,
      8.89,
      8.89,
      8.89,
      8.89,
      8.89,
      8.89,
      8.89,
      8.89,
      8.89,
      8.89,
      8.89,
      8.89,
      8.89,
      8.89,
      8.89,
      8.89,
      8.89,
      8.89,
      8.89,
      8.89,
      8.89,
      8.89,
      8.89,
      8.89,
      8.89,
      8.89,
      8.89,
      8.89,
      8.89,
      8.89,
      8.89,
      8.89,
      8.89,
      8.89,
      8.89,
      8.89,
      8.89,
      8.89,
      8.89,
      8.89,
      8.89,
      8.89,
      8.89,
      8.89,
      8.89,
      8.89,
      8.89,
      8.89,
      8.89,
      8.89,
      8.89,
      8.89,
      8.89,
      8.89,
      8.89,
      8.89,
      8.89,
      8.89,
      8.89,
      8.89,
      8.89,
      8.89,
      8.89,
      8.89,
      8.89,
      8.89,
      8.89,
      8.89,
      8.89,
      8.89,
      8.89,
      8.89,
      8.89,
      8.89,
      8.89,
      8.89,
      8.89,
      8.89,
      8.89,
      8.89,
      8.89,
      8.89,
      8.89,
      8.89,
      8.89,
      8.89,
      8.89,
      8.89,
      8.89,
      8.89,
      8.89,
      8.89,
      8.89,
      8.89,
      8.89,
      8.89,
      8.89,
      8.89,
      8.89,
      8.89,
      8.89,
      8.89,
      8.89,
      8.89,
      8.89,
      8.89,
      8.89,
      8.89,
      8.89,
      8.89,
      8.89,
      8.89,
      8.89,
      8.89,
      8.89,
      8.89,
      8.89,
      8.89,
      8.89,
      8.89,
      8.89,
      8.89,
      8.89,
      8.89,
      8.89,
      8.89,
      8.89,
      8.89,
      8.89,
      8.89,
      8.89,
      8.89,
      8.89,
      8.89,
      8.89,
      8.89,
      8.89,
      8.89,
      8.89,
      8.89,
      8.89,
      8.89,
      8.89,
      8.89,
      8.89
    ],
    "current": [
      0.034332279483351644,
      0.022411349107187877,
      -0.013351442021303419,
      -0.0014305116451396524,
      0.016450883919105996,
      0.022411349107187877,
      -0.0193119072093853,
      0.05817414023567917,
      -0.03719330277363095,
      -0.031232837585549067,
      0.040292744671433525,
      0.010490418731024112,
      0.07605553579992481,
      0.00452995354294223,
      0.034332279483351644,
      -0.007390976833221535,
      0.00452995354294223,
      0.05221367504759729,
      0.010490418731024112,
      -0.013351442021303419,
      -0.061035163525958475,
      0.06413460542376105,
      0.022411349107187877,
      0.05817414023567917,
      0.022411349107187877,
      0.022411349107187877,
      0.010490418731024112,
      0.016450883919105996,
      -0.013351442021303419,
      -0.03719330277363095,
      0.0820160009880067,
      0.022411349107187877,
      -0.06699562871404036,
      0.00452995354294223,
      -0.031232837585549067,
      -0.0014305116451396524,
      -0.025272372397467182,
      0.07009507061184293,
      0.016450883919105996,
      -0.0014305116451396524,
      -0.007390976833221535,
      -0.0014305116451396524,
      0.022411349107187877,
      0.022411349107187877,
      0.016450883919105996,
      -0.013351442021303419,
      -0.04315376796171283,
      -0.007390976833221535,
      0.034332279483351644,
      -0.007390976833221535,
      0.034332279483351644,
      0.010490418731024112,
      0.00452995354294223,
      -0.031232837585549067,
      0.05817414023567917,
      0.022411349107187877,
      -0.031232837585549067,
      0.07009507061184293,
      0.016450883919105996,
      0.016450883919105996,
      0.02837181429526976,
      0.034332279483351644,
      -0.03719330277363095,
      0.05817414023567917,
      0.06413460542376105,
      0.06413460542376105,
      -0.03719330277363095,
      -0.0014305116451396524,
      0.07605553579992481,
      -0.007390976833221535,
      0.010490418731024112,
      0.02837181429526976,
      0.034332279483351644,
      0.034332279483351644,
      -0.0193119072093853,
      -0.013351442021303419,
      -0.03719330277363095,
      0.022411349107187877,
      0.00452995354294223,
      0.016450883919105996,
      0.00452995354294223,
      0.02837181429526976,
      -0.0014305116451396524,
      0.010490418731024112,
      0.034332279483351644,
      0.016450883919105996,
      0.02837181429526976,
      -0.04911423314979471,
      0.05221367504759729,
      -0.013351442021303419,
      0.010490418731024112,
      -0.0014305116451396524,
      -0.031232837585549067,
      0.040292744671433525,
      -0.0193119072093853,
      0.016450883919105996,
      0.040292744671433525,
      -0.0014305116451396524,
      -0.04315376796171283,
      0.022411349107187877,
      0.05817414023567917,
      0.07605553579992481,
      0.016450883919105996,
      0.010490418731024112,
      0.016450883919105996,
      -0.04315376796171283,
      -0.03719330277363095,
      -0.007390976833221535,
      -0.031232837585549067,
      -0.031232837585549067,
      -0.0014305116451396524,
      0.05221367504759729,
      -0.013351442021303419,
      0.05817414023567917,
      -0.007390976833221535,
      0.00452995354294223,
      0.016450883919105996,
      -0.0014305116451396524,
      -0.007390976833221535,
      -0.0193119072093853,
      0.034332279483351644,
      0.02837181429526976,
      0.016450883919105996,
      -0.0193119072093853,
      -0.031232837585549067,
      -0.0014305116451396524,
      0.022411349107187877,
      0.016450883919105996,
      0.00452995354294223,
      0.016450883919105996,
      0.02837181429526976,
      0.040292744671433525,
      -0.04315376796171283,
      0.06413460542376105,
      0.022411349107187877,
      0.016450883919105996,
      -0.04315376796171283,
      -0.013351442021303419,
      0.05221367504759729,
      0.00452995354294223,
      -0.04315376796171283,
      0.034332279483351644,
      0.016450883919105996,
      0.00452995354294223,
      -0.0014305116451396524,
      -0.04315376796171283,
      0.022411349107187877,
      0.010490418731024112,
      0.02837181429526976,
      0.034332279483351644,
      0.02837181429526976,
      0.022411349107187877
    ],