{
  "weld_number": 26,
  "timestamp": "2025-11-14T10:12:50.580751",
  "energy_joules": 0.0,
  "peak_current_amps": 0.1,
  "duration_ms": 68.2,
  "settings": {
    "mode": 1,
    "d1": 40,
    "gap1": 0,
    "d2": 0,
    "gap2": 0,
    "d3": 0,
    "weld_counter": 25
  },
  "data": {
    "voltage": [
      8.883,
      8.883,
      8.883,
      8.883,
      8.883,
      8.883,
      8.883,
      8.883,
      8.883,
      8.883,
      8.883,
      8.883,
      8.883,
      8.883,
      8.883,
      8.883,
      8.883,
      8.883,
      8.883,
      8.883,
      8.883,
      8.883,
      8.883,
      8.883,
      8.883,
      8.883,
      8.883,
      8.883,
      8.883,
      8.883,
      8.883,
      8.883,
      8.883,
      8.883,
      8.883,
      8.883,
      8.883,
      8.883,
      8.883,
      8.883,
      8.883,
      8.883,
      8.883,
      8.883,
      8.883,
      8.883,
      8.883,
      8.883,
      8.883,
      8.883,
      8.883,
      8.883,
      8.883,
      8.883,
      8.883,
      8.883,
      8.883,
      8.883,
      8.883,
      8.883,
      8.883,
      8.883,
      8.883,
      8.883,
      8.883,
      8.883,
      8.883,
      8.883,
      8.883,
      8.883,
      8.883,
      8.883,
      8.883,
      8.883,
      8.883,
      8.883,
      8.883,
      8.883,
      8.883,
      8.883,
      8.883,
      8.883,
      8.883,
      8.883,
      8.883,
      8.883,
      8.883,
      8.883,
      8.883,
      8.883,
      8.883,
      8.883,
      8.883,
      8.883,
      8.883,
      8.883,
      8.883,
      8.883,
      8.883,
      8.883,
      8.883,
      8.883,
      8.883,
      8.883,
      8.883,
      8.883,
      8.883,
      8.883,
      8.883,
      8.883,
      8.883,
      8.883,
      8.883,
      8.883,
      8.883,
      8.883,
      8.883,
      8.883,
      8.883,
      8.883,
      8.883,
      8.883,
      8.883,
      8.883,
      8.883,
      8.883,
      8.883,
      8.883,
      8.883,
      8.883,
      8.883,
      8.883,
      8.883,
      8.883,
      8.883,
      8.883,
      8.883,
      8.883,
      8.883,
      8.883,
      8.883,
      8.883,
      8.883,
      8.883,
      8.883,
      8.883
    ],
    "current": [
      0.019550325816908576,
      0.03147125619307234,
      0.019550325816908576,
      -0.022172930499664602,
      -0.022172930499664602,
      -0.01621246531158272,
      0.007629395440744809,
      0.03743172138115422,
      0.007629395440744809,
      0.0433921865692361,
      0.025510791004990457,
      0.025510791004990457,
      0.001668930252662927,
      -0.0042915349354189555,
      -0.046014791251992135,
      0.007629395440744809,
      0.0433921865692361,
      0.007629395440744809,
      -0.022172930499664602,
      0.01358986062882669,
      0.007629395440744809,
      -0.0042915349354189555,
      -0.028133395687746483,
      -0.028133395687746483,
      -0.022172930499664602,
      -0.03409386087582837,
      -0.010252000123500839,
      0.007629395440744809,
      -0.01621246531158272,
      0.007629395440744809,
      -0.022172930499664602,
      -0.0042915349354189555,
      0.0433921865692361,
      -0.0042915349354189555,
      -0.04005432606391025,
      0.001668930252662927,
      0.025510791004990457,
      -0.0042915349354189555,
      0.007629395440744809,
      0.019550325816908576,
      0.01358986062882669,
      0.001668930252662927,
      0.001668930252662927,
      -0.028133395687746483,
      0.03743172138115422,
      0.019550325816908576,
      -0.010252000123500839,
      -0.03409386087582837,
      0.01358986062882669,
      0.001668930252662927,
      0.019550325816908576,
      0.025510791004990457,
      0.03743172138115422,
      0.01358986062882669,
      -0.010252000123500839,
      -0.04005432606391025,
      -0.01621246531158272,
      -0.01621246531158272,
      0.001668930252662927,
      0.007629395440744809,
      -0.010252000123500839,
      -0.0042915349354189555,
      0.055313116945399865,
      -0.022172930499664602,
      0.001668930252662927,
      -0.0042915349354189555,
      0.019550325816908576,
      -0.010252000123500839,
      -0.0042915349354189555,
      0.03743172138115422,
      0.007629395440744809,
      0.007629395440744809,
      0.03743172138115422,
      0.03743172138115422,
      -0.01621246531158272,
      0.049352651757317983,
      0.007629395440744809,
      0.001668930252662927,
      -0.028133395687746483,
      -0.022172930499664602,
      0.03743172138115422,
      0.01358986062882669,
      0.01358986062882669,
      -0.01621246531158272,
      0.001668930252662927,
      -0.010252000123500839,
      0.025510791004990457,
      0.01358986062882669,
      -0.03409386087582837,
      -0.03409386087582837,
      0.019550325816908576,
      0.025510791004990457,
      0.019550325816908576,
      0.001668930252662927,
      0.01358986062882669,
      -0.010252000123500839,
      0.007629395440744809,
      0.025510791004990457,
      0.019550325816908576,
      -0.01621246531158272,
      0.049352651757317983,
      0.06127358213348175,
      0.01358986062882669,
      0.007629395440744809,
      0.001668930252662927,
      -0.04005432606391025,
      -0.0042915349354189555,
      0.019550325816908576,
      -0.010252000123500839,
      0.007629395440744809,
      0.01358986062882669,
      0.001668930252662927,
      0.025510791004990457,
      -0.046014791251992135,
      -0.06389618681623778,
      0.055313116945399865,
      0.049352651757317983,
      0.01358986062882669,
      0.019550325816908576,
      -0.028133395687746483,
      -0.022172930499664602,
      0.07319451250964551,
      -0.028133395687746483,
      0.025510791004990457,
      -0.03409386087582837,
      -0.01621246531158272,
      -0.03409386087582837,
      0.001668930252662927,
      -0.010252000123500839,
      -0.01621246531158272,
      0.0433921865692361,
      0.019550325816908576,
      -0.01621246531158272,
      -0.0042915349354189555,
      -0.0042915349354189555,
      0.0433921865692361,
      -0.0042915349354189555,
      0.01358986062882669,
      -0.022172930499664602,
      -0.046014791251992135,
      -0.01621246531158272,
      -0.028133395687746483,
      0.06127358213348175,
      -0.0042915349354189555,
      0.06127358213348175,
      -0.01621246531158272
    ],