{
  "weld_number": 41,
  "timestamp": "2025-11-16T00:30:21.490786",
  "energy_joules": 571.3,
  "peak_current_amps": 1401.1,
  "duration_ms": 135.9,
  "settings": {
    "mode": 1,
    "d1": 130,
    "gap1": 0,
    "d2": 0,
    "gap2": 0,
    "d3": 0,
    "weld_counter": 40
  },
  "data": {
    "voltage": [
      8.869,
      8.869,
      8.869,
      8.869,
      8.869,
      8.869,
      8.869,
      8.869,
      8.869,
      8.869,
      8.869,
      8.869,
      8.869,
      8.869,
      8.869,
      8.869,
      8.869,
      8.869,
      8.869,
      8.869,
      8.869,
      8.869,
      8.869,
      8.869,
      8.869,
      8.869,
      8.869,
      8.869,
      8.869,
      8.869,
      8.869,
      8.869,
      8.869,
      8.869,
      8.869,
      8.869,
      8.869,
      8.869,
      8.869,
      8.869,
      8.869,
      8.869,
      8.869,
      8.869,
      8.869,
      8.869,
      8.869,
      8.869,
      8.869,
      8.869,
      8.869,
      8.869,
      8.869,
      8.869,
      8.869,
      8.869,
      8.869,
      8.869,
      8.869,
      8.869,
      8.869,
      8.869,
      8.869,
      8.869,
      8.869,
      8.869,
      8.869,
      8.869,
      8.869,
      8.869,
      8.869,
      8.869,
      8.869,
      8.869,
      8.869,
      8.869,
      8.869,
      8.869,
      8.869,
      8.869,
      8.869,
      8.869,
      8.869,
      8.869,
      8.869,
      8.869,
      8.869,
      8.869,
      8.869,
      8.869,
      8.869,
      8.869,
      8.869,
      8.869,
      8.869,
      8.869,
      8.869,
      8.869,
      8.869,
      8.869,
      8.869,
      8.869,
      8.869,
      8.869,
      8.869,
      8.869,
      8.869,
      8.869,
      8.869,
      8.869,
      8.869,
      8.869,
      8.869,
      8.869,
      8.869,
      8.869,
      8.869,
      8.869,
      8.869,
      8.869,
      8.869,
      8.869,
      8.869,
      8.869,
      8.869,
      8.869,
      8.869,
      8.869,
      8.869,
      8.869,
      8.869,
      8.869,
      8.869,
      8.869,
      8.869,
      8.869,
      8.869,
      8.869,
      8.869,
      8.869,
      8.869,
      8.869,
      8.869,
      8.869,
      8.869,
      8.869,
      8.869,
      8.869,
      8.869,
      8.869,
      8.869,
      8.869,
      8.869,
      8.869,
      8.869
    ],
    "current": [
      0.38725142326968004,
      1.3170839926104536,
      1.1978746888488165,
      1.4780165526886642,
      970.5781305525458,
      1285.9701855147107,
      1365.3039771680806,
      1391.631351903838,
      1401.084649692136,
      1398.318993844866,
      1384.7946983331083,
      1380.6521750273914,
      1376.8434377722072,
      1371.967777248356,
      1368.6597190689706,
      1363.0628422573618,
      1358.1335375468182,
      1354.3784444783266,
      1349.7471630271866,
      1345.5390746044009,
      1342.3085024724605,
      1339.5488070903787,
      1336.1036582116674,
      1333.1174651524382,
      1330.3100860488516,
      1326.3523371639653,
      1322.4482324657718,
      1320.4514766277644,
      1317.6917812456825,
      1315.0512951673622,
      1312.428690484606,
      1309.2517625393584,
      1307.3801764703007,
      1302.7012112976565,
      1299.607729865042,
      1296.913599600029,
      1294.1777460786993,
      1291.4001693010532,
      1289.057706482137,
      1286.7450459891613,
      1283.3952645534594,
      1280.2779412600926,
      1278.91895519721,
      1274.6870249136716,
      1272.5770202370907,
      1270.0319016017797,
      1267.284127150074,
      1265.5913550366588,
      1263.6720852460965,
      1261.8720247592958,
      1259.702415430834,
      1258.8679503045025,
      1256.0724921312922,
      1252.591580461452,
      1249.748438566737,
      1246.1960013146402,
      1242.327659407575,
      1240.3964686866364,
      1237.0586081813105,
      1235.2585476945098,
      1232.939926736346,
      1231.402126717821,
      1228.8868104084504,
      1227.9271755131692,
      1227.766242953091,
      1226.6099127066032,
      1224.4403033781414,
      1223.1826452234561,
      1221.203770781013,
      1220.7448149615304,
      1216.191019557836,
      1211.3749636858659,
      1206.368172927877,
      1203.9422635963276,
      1201.7964961286182,
      1200.0560402936983,
      1197.5288030539516,
      1193.9286820803502,
      1191.8902029860262,
      1190.0961029644134,
      1189.2318355121415,
      1189.7503959835046,
      1188.3556471294935,
      1187.8966913100112,
      1187.1695145570652,
      1188.7371169015307,
      1187.8370866581304,
      1187.0383843229274,
      1185.1608377886816,
      1183.730326143542,
      1181.775293561851,
      1179.8500633061005,
      1179.2838191132328,
      1178.6579702684842,
      1176.5479655919032,
      1175.8327097693334,
      1174.8253911525476,
      1173.0551329916873,
      1171.2312306441343,
      1170.331200400734,
      1169.1212259675533,
      1168.8410841037135,
      1170.3848445874266,
      1168.072184094451,
      776.8332096139442,
      1165.2886468516167,
      1163.9415817191102,
      1164.1025142791884,
      1160.7586933086743,
      1159.5487188754937,
      1159.0301584041306,
      1156.657893259274,
      1153.9220397379445,
      1151.561695523464,
      1148.706632698373,
      1147.4370536133115,
      1144.0932326427976,
      1142.5673535546484,
      1141.077237257628,
      1139.3606232834604,
      1137.4592348884623,
      1136.4340348761123,
      1135.0690883480415,
      1132.8339139025106,
      1130.8490789948794,
      1118.940069549092,
      1108.103943837159,
      1108.2112322105445,
      1104.7124391451405,
      1102.6322367945,
      1103.2580856392485,
      1099.4791507100047,
      1098.8652227956322,
      1097.249936729662,
      1094.9551576322506,
      1093.8524715724552,
      1092.2848692279897,
      1090.192745946973,
      1088.6191831373194,
      1086.556862182243,
      1085.7641203122282,
      1083.6660365660232,
      1081.764648171025,
      1080.2506900132523,
      1079.0466760452598,
      1076.1737318246044,
      1075.0054806477403,
      1073.6405341196696,
      1072.1027341011445,
      1069.8377573296734,
      1068.6754666179975,
      1.698553764647694,
      0.8283258471877396,
      0.5005002618432353,
      0.3216863062007792
    ],