{
  "weld_number": 39,
  "timestamp": "2025-11-16T00:26:53.597391",
  "energy_joules": 358.32,
  "peak_current_amps": 1557.8,
  "duration_ms": 106.6,
  "settings": {
    "mode": 1,
    "d1": 100,
    "gap1": 0,
    "d2": 0,
    "gap2": 0,
    "d3": 0
  },
  "data": {
    "voltage": [
      8.867,
      8.867,
      8.867,
      8.867,
      8.867,
      8.867,
      8.867,
      8.867,
      8.867,
      8.867,
      8.867,
      8.867,
      8.867,
      8.867,
      8.867,
      8.867,
      8.867,
      8.867,
      8.867,
      8.867,
      8.867,
      8.867,
      8.867,
      8.867,
      8.867,
      8.867,
      8.867,
      8.867,
      8.867,
      8.867,
      8.867,
      8.867,
      8.867,
      8.867,
      8.867,
      8.867,
      8.867,
      8.867,
      8.867,
      8.867,
      8.867,
      8.867,
      8.867,
      8.867,
      8.867,
      8.867,
      8.867,
      8.867,
      8.867,
      8.867,
      8.867,
      8.867,
      8.867,
      8.867,
      8.867,
      8.867,
      8.867,
      8.867,
      8.867,
      8.867,
      8.867,
      8.867,
      8.867,
      8.867,
      8.867,
      8.867,
      8.867,
      8.867,
      8.867,
      8.867,
      8.867,
      8.867,
      8.867,
      8.867,
      8.867,
      8.867,
      8.867,
      8.867,
      8.867,
      8.867,
      8.867,
      8.867,
      8.867,
      8.867,
      8.867,
      8.867,
      8.867,
      8.867,
      8.867,
      8.867,
      8.867,
      8.867,
      8.867,
      8.867,
      8.867,
      8.867,
      8.867,
      8.867,
      8.867,
      8.867,
      8.867,
      8.867,
      8.867,
      8.867,
      8.867,
      8.867,
      8.867,
      8.867,
      8.867,
      8.867,
      8.867,
      8.867,
      8.867,
      8.867,
      8.867,
      8.867,
      8.867,
      8.867,
      8.867,
      8.867,
      8.867,
      8.867,
      8.867,
      8.867
    ],
    "current": [
      1204.0555124349012,
      1206.082070598849,
      1207.834447364145,
      1209.0146194713852,
      1208.7523590031096,
      1209.9027287844094,
      1208.2099566709942,
      1206.7794450258546,
      1205.354893845903,
      1203.9303426659515,
      1199.5672821482756,
      1196.324789085959,
      1192.0034518245998,
      1187.2589215348864,
      1183.4799866056426,
      1181.3044168119925,
      1177.3228260663539,
      1174.8492330133,
      1170.271595748853,
      1557.8448841386896,
      1161.4024235489871,
      1160.889823542812,
      1159.357983989475,
      1158.7440560751027,
      1157.7069351323764,
      1156.3896723258104,
      1151.5676559886522,
      1150.1192629479483,
      1147.7887210594083,
      1146.4833791832184,
      1145.720439639144,
      1143.7177233359484,
      1142.674641928034,
      1140.8924628367974,
      1138.3294628059223,
      1134.7770255538255,
      1133.7637464718516,
      1131.403402257371,
      1129.865602238846,
      1127.827123144522,
      1125.3654510218441,
      1125.1806766010136,
      1122.1050765639634,
      1121.5567137666599,
      1120.1262021215202,
      1117.1042462711628,
      1117.1578904578555,
      1115.5306834615092,
      1113.5339276235015,
      1112.5981345889727,
      1111.1914648045854,
      1110.6192601465295,
      1108.90860663755,
      1106.6019066097624,
      1106.0535438124589,
      1103.359413547446,
      1102.2507670224627,
      1099.9202251339227,
      1098.6923693051779,
      1095.9684367142245,
      1094.5021622779564,
      1093.3756343574087,
      1092.082213411595,
      1090.770911070217,
      1089.4774901244032,
      1088.4940133683697,
      1086.324404039908,
      1084.0355854076843,
      1081.907699335539,
      1081.5977551457588,
      1080.0241923361052,
      1078.7307713902915,
      1078.259894640433,
      1076.6922922959675,
      1075.3929108849657,
      1073.0683294616138,
      1072.4544015472413,
      1070.833155016083,
      1070.9523643198447,
      1069.8556387252377,
      1069.44436662726,
      1069.6410619784667,
      1068.0317363776846,
      1066.899247991949,
      1066.535659615476,
      1065.0574642488318,
      1063.4540991132376,
      1062.4348595660756,
      1061.7494060694462,
      1060.2414083768615,
      1059.7884130225673,
      1057.4697920644035,
      1056.9214292671,
      1055.4253525048914,
      1054.6445315652527,
      1053.7206594611,
      1052.8087082873235,
      1050.6033361677332,
      1048.5350547474688,
      1047.5813803173758,
      1046.436971001264,
      1044.917052378303,
      1043.5044221287276,
      1043.7309198058747,
      1041.7222430374911,
      1039.2724918451895,
      1039.4930290571485,
      1038.58703834856,
      1037.627403453279,
      1036.250535994832,
      1035.2670592387983,
      1033.5981289861354,
      1033.0676475843961,
      1031.452361518426,
      2.485335169474502,
      -0.876367196603679,
      -1.1267067345031183,
      1.913130511418642,
      -0.6260276587042403,
      1.2872816666700446,
      0.7508397997426751,
      1.0667444547110148,
      -0.3399253296763096,
      0.6912351478618561
    ],