{
  "weld_number": 29,
  "timestamp": "2025-11-13T19:20:45.366495",
  "energy_joules": 111.71,
  "peak_current_amps": 386.3,
  "duration_ms": 43.1,
  "settings": {
    "mode": 1,
    "d1": 40,
    "gap1": 0,
    "d2": 0,
    "gap2": 0,
    "d3": 0,
    "weld_counter": 28
  },
  "data": {
    "voltage": [
      8.878,
      8.878,
      8.878,
      8.878,
      8.878,
      8.878,
      8.878,
      8.878,
      8.878,
      8.878,
      8.878,
      8.878,
      8.878,
      8.878,
      8.878
    ],
    "current": [
      386.0157443303757,
      386.039586191128,
      386.03362572593994,
      386.0515071215042,
      386.1707164252658,
      386.2124396815824,
      386.2362815423347,
      386.3137675897798,
      386.2482024727109,
      386.3078071245917,
      386.28992572902746,
      -0.06146729725209441,
      0.010058285004888177,
      0.03986061094529759,
      0.03986061094529759
    ],
    "timestamps": [
      -0.0003879070281982422,
      0.003210783004760742,
      0.00650334358215332,
      0.009510517120361328,
      0.012566328048706055,
      0.015545845031738281,
      0.018497705459594727,
      0.021459102630615234,
      0.024460554122924805,
      0.027596235275268555,
      0.030717849731445312,
      0.03366971015930176,
      0.036704063415527344,
      0.03974437713623047,
      0.042749881744384766
    ]
  }
}