{
  "weld_number": 27,
  "timestamp": "2025-11-13T18:42:53.497918",
  "energy_joules": 1.45,
  "peak_current_amps": 4.6,
  "duration_ms": 45.5,
  "settings": {
    "mode": 1,
    "d1": 40,
    "gap1": 0,
    "d2": 0,
    "gap2": 0,
    "d3": 0,
    "weld_counter": 26
  },
  "data": {
    "voltage": [
      8.884,
      8.884,
      8.884,
      8.884,
      8.884,
      8.884,
      8.884,
      8.884,
      8.884,
      8.884,
      8.884,
      8.884,
      8.884,
      8.884,
      8.884,
      8.884,
      8.884,
      8.884,
      8.884,
      8.884
    ],
    "current": [
      4.644692497812807,
      4.632771567436643,
      4.608929706684315,
      4.638732032624725,
      4.56124598517966,
      4.525483194051169,
      4.477799472546514,
      4.459918076982269,
      4.471839007358432,
      4.489720402922678,
      4.483759937734596,
      4.4062738902895315,
      4.382432029537204,
      4.316866912468304,
      4.382432029537204,
      4.310906447280222,
      0.0014901162970204706,
      0.01937151186126612,
      0.04321337261359365,
      -0.02831220964338894
    ],
    "timestamps": [
      0.0013384819030761719,
      0.003631591796875,
      0.005733966827392578,
      0.008056640625,
      0.010644674301147461,
      0.01310276985168457,
      0.015568256378173828,
      0.017997026443481445,
      0.020120620727539062,
      0.02227306365966797,
      0.0244295597076416,
      0.026751279830932617,
      0.028883934020996094,
      0.03134632110595703,
      0.03382062911987305,
      0.036394357681274414,
      0.0389409065246582,
      0.04175066947937012,
      0.04422450065612793,
      0.04684329032897949
    ]
  }
}