{
  "weld_number": 29,
  "timestamp": "2025-11-14T10:24:28.274093",
  "energy_joules": 136.9,
  "peak_current_amps": 389.3,
  "duration_ms": 69.7,
  "settings": {
    "mode": 1,
    "d1": 40,
    "gap1": 0,
    "d2": 0,
    "gap2": 0,
    "d3": 0,
    "weld_counter": 28
  },
  "data": {
    "voltage": [
      8.881,
      8.881,
      8.881,
      8.881,
      8.881,
      8.881,
      8.881,
      8.881,
      8.881,
      8.881,
      8.881,
      8.881,
      8.881,
      8.881,
      8.881,
      8.881,
      8.881,
      8.881,
      8.881,
      8.881,
      8.881,
      8.881,
      8.881,
      8.881,
      8.881,
      8.881,
      8.881,
      8.881,
      8.881,
      8.881,
      8.881,
      8.881,
      8.881,
      8.881,
      8.881,
      8.881,
      8.881,
      8.881,
      8.881,
      8.881,
      8.881,
      8.881,
      8.881,
      8.881,
      8.881,
      8.881,
      8.881,
      8.881,
      8.881,
      8.881,
      8.881,
      8.881,
      8.881,
      8.881,
      8.881,
      8.881,
      8.881,
      8.881,
      8.881,
      8.881,
      8.881,
      8.881,
      8.881,
      8.881,
      8.881,
      8.881,
      8.881,
      8.881,
      8.881,
      8.881,
      8.881,
      8.881,
      8.881,
      8.881,
      8.881,
      8.881,
      8.881,
      8.881,
      8.881,
      8.881,
      8.881,
      8.881,
      8.881,
      8.881,
      8.881,
      8.881,
      8.881,
      8.881,
      8.881,
      8.881,
      8.881,
      8.881,
      8.881,
      8.881,
      8.881,
      8.881,
      8.881,
      8.881,
      8.881,
      8.881,
      8.881,
      8.881,
      8.881,
      8.881,
      8.881,
      8.881,
      8.881,
      8.881,
      8.881,
      8.881,
      8.881,
      8.881,
      8.881,
      8.881,
      8.881,
      8.881,
      8.881,
      8.881,
      8.881,
      8.881,
      8.881,
      8.881,
      8.881,
      8.881,
      8.881,
      8.881,
      8.881,
      8.881,
      8.881,
      8.881,
      8.881,
      8.881,
      8.881,
      8.881,
      8.881,
      8.881,
      8.881,
      8.881,
      8.881,
      8.881,
      8.881,
      8.881,
      8.881,
      8.881,
      8.881,
      8.881,
      8.881,
      8.881,
      8.881,
      8.881,
      8.881,
      8.881,
      8.881
    ],
    "current": [
      0.02634525613132192,
      0.05018711688364945,
      0.008463860567076273,
      -0.04518032612566067,
      -0.015378000185251255,
      0.008463860567076273,
      0.02634525613132192,
      -0.009417534997169373,
      0.06210804725981321,
      0.020384790943240038,
      0.008463860567076273,
      -0.033259395749496906,
      0.008463860567076273,
      0.020384790943240038,
      -0.02133846537333314,
      -0.0034570698090874916,
      -0.02729893056141502,
      -0.02729893056141502,
      0.002503395378994391,
      -0.08094311725415196,
      -0.009417534997169373,
      0.05614758207173133,
      0.038266186507485686,
      -0.04518032612566067,
      0.008463860567076273,
      -0.009417534997169373,
      0.002503395378994391,
      0.008463860567076273,
      0.002503395378994391,
      -0.02133846537333314,
      0.02634525613132192,
      0.002503395378994391,
      -0.015378000185251255,
      -0.02133846537333314,
      0.008463860567076273,
      0.020384790943240038,
      0.008463860567076273,
      0.020384790943240038,
      0.05018711688364945,
      0.020384790943240038,
      0.020384790943240038,
      -0.009417534997169373,
      -0.05710125650182443,
      -0.02133846537333314,
      0.020384790943240038,
      0.008463860567076273,
      0.020384790943240038,
      -0.05710125650182443,
      0.002503395378994391,
      0.014424325755158156,
      0.002503395378994391,
      0.002503395378994391,
      0.008463860567076273,
      0.014424325755158156,
      0.032305721319403805,
      0.032305721319403805,
      -0.009417534997169373,
      0.020384790943240038,
      -0.033259395749496906,
      0.02634525613132192,
      -0.0034570698090874916,
      -0.015378000185251255,
      -0.02133846537333314,
      -0.009417534997169373,
      0.014424325755158156,
      -0.02729893056141502,
      0.014424325755158156,
      0.02634525613132192,
      -0.033259395749496906,
      0.05614758207173133,
      0.038266186507485686,
      -0.015378000185251255,
      0.038266186507485686,
      0.014424325755158156,
      0.020384790943240038,
      -0.009417534997169373,
      0.002503395378994391,
      0.05614758207173133,
      389.34008948088757,
      387.56387085483914,
      386.74728712407193,
      386.2287266527088,
      385.8353359502954,
      385.7101661813457,
      385.7399685072861,
      385.7697708332265,
      385.7042057161576,
      385.68632432059337,
      385.75188943766227,
      385.7161266465338,
      385.6684429250291,
      385.6744033902172,
      385.72208711172186,
      385.72208711172186,
      385.7101661813457,
      385.69228478578145,
      385.75188943766227,
      385.72804757690994,
      385.7042057161576,
      385.75188943766227,
      385.8353359502954,
      385.9426243236809,
      385.85321734585966,
      385.8472568806716,
      385.88301967180007,
      385.89494060217623,
      385.92474292811664,
      385.8651382762358,
      385.92474292811664,
      385.89494060217623,
      385.98434757999746,
      385.94858478886897,
      385.9426243236809,
      385.95454525405705,
      385.9783871148094,
      385.9426243236809,
      385.99030804518554,
      385.9962685103736,
      385.99030804518554,
      385.9962685103736,
      386.0677940926306,
      385.9307033933047,
      385.9724266496213,
      386.0320313015021,
      385.9783871148094,
      386.04991269706636,
      386.0320313015021,
      386.02011037112595,
      386.0320313015021,
      386.08567548819485,
      386.08567548819485,
      386.0737545578187,
      386.0677940926306,
      386.0677940926306,
      386.15720107045183,
      386.1333592096995,
      386.1095173489472,
      -0.02729893056141502,
      0.05614758207173133,
      0.008463860567076273,
      0.02634525613132192,
      0.008463860567076273,
      -0.02729893056141502,
      -0.009417534997169373,
      -0.02133846537333314,
      0.02634525613132192,
      -0.0034570698090874916,
      -0.015378000185251255,
      0.020384790943240038,
      -0.009417534997169373,
      -0.06306172168990631,
      -0.0034570698090874916,
      -0.02729893056141502
    ],