{
  "weld_number": 33,
  "timestamp": "2025-11-15T23:58:55.718029",
  "energy_joules": 0.0,
  "peak_current_amps": 2.3,
  "duration_ms": 87.0,
  "settings": {
    "mode": 1,
    "d1": 75,
    "gap1": 0,
    "d2": 0,
    "gap2": 0,
    "d3": 0
  },
  "data": {
    "voltage": [
      8.868,
      8.868,
      8.868,
      8.868,
      8.868,
      8.868,
      8.868,
      8.868,
      8.868,
      8.868,
      8.868,
      8.868,
      8.868,
      8.868,
      8.868,
      8.868,
      8.868,
      8.868,
      8.868,
      8.868,
      8.868,
      8.868,
      8.868,
      8.868,
      8.868,
      8.868,
      8.868,
      8.868,
      8.868,
      8.868,
      8.868,
      8.868,
      8.868,
      8.868,
      8.868,
      8.868,
      8.868,
      8.868,
      8.868,
      8.868,
      8.868,
      8.868,
      8.868,
      8.868,
      8.868,
      8.868,
      8.868,
      8.868,
      8.868,
      8.868,
      8.868,
      8.868,
      8.868,
      8.868,
      8.868,
      8.868,
      8.868,
      8.868,
      8.868,
      8.868,
      8.868,
      8.868,
      8.868,
      8.868,
      8.868,
      8.868,
      8.868,
      8.868,
      8.868,
      8.868,
      8.868,
      8.868,
      8.868,
      8.868,
      8.868,
      8.868,
      8.868,
      8.868,
      8.868,
      8.868,
      8.868,
      8.868,
      8.868,
      8.868,
      8.868,
      8.868,
      8.868,
      8.868,
      8.868,
      8.868,
      8.868,
      8.868,
      8.868,
      8.868,
      8.868,
      8.868,
      8.868,
      8.868,
      8.868,
      8.868,
      8.868
    ],
    "current": [
      0.37181381843254774,
      -0.85604201031232,
      -1.314997829794625,
      -1.160025734904496,
      -0.5282164249678162,
      0.5923510303915775,
      2.344727795687651,
      0.2764463754232379,
      0.40757660956103964,
      1.2122394099520932,
      -0.36728386488960546,
      0.8784533594195082,
      0.8724928942314264,
      -0.2540350263160497,
      1.1526347580712741,
      0.75924405565787,
      -0.27787688706837743,
      0.8486510334790981,
      0.7652045208459518,
      -0.7666350324910913,
      -0.06926060548551125,
      -0.8977652666288931,
      0.5029440525703495,
      -0.2480745611279679,
      2.231478957114096,
      -1.100421083023677,
      -0.397086190830015,
      -0.09906293142592078,
      -0.85604201031232,
      0.7711649860340336,
      -0.8500815451242382,
      0.38373474880871133,
      1.0930301061904562,
      1.4029742959707139,
      -0.5997420072247989,
      1.2778045270209941,
      -1.0944606178355951,
      0.5685091696392504,
      0.18107893241392806,
      0.15723707166160034,
      0.48506265700610407,
      -1.3924838772396895,
      0.0201463723357168,
      0.9857417328049817,
      1.5400649952965975,
      -0.23019316556372196,
      0.7175207993412974,
      -2.733588544558113,
      1.1347533625070287,
      -1.2315513171614787,
      0.43141847031336683,
      -0.0036954884166103897,
      -0.5699396812843893,
      -1.189828060844905,
      0.6519556822723966,
      0.34797195768022054,
      -0.04541874473318352,
      1.8380882547006907,
      -1.005053640014367,
      -1.404404807615853,
      0.7652045208459518,
      -0.7785559628672555,
      0.8069277771625255,
      -0.1288652573663303,
      0.07379055902845406,
      0.3002882361755651,
      0.699639403777052,
      -1.118302478587923,
      0.669837077836642,
      -1.1838675956568232,
      0.854611498667181,
      -1.3209582949827068,
      0.6936789385889692,
      0.19299986279009165,
      0.5208254481345949,
      -0.6712675894817816,
      0.6877184734008874,
      0.3122091665517287,
      -0.4984140990274067,
      0.43141847031336683,
      -0.7725954976791737,
      0.9738208024288181,
      -1.0169745703905306,
      -0.5759001464724711,
      -0.85604201031232,
      0.9738208024288181,
      -2.077937373869106,
      0.854611498667181,
      -1.314997829794625,
      0.23472311910666424,
      0.1393556760973544,
      1.343369644089895,
      -1.5474559721298182,
      -1.6130210891987191,
      -0.18250944405906705,
      1.0572673150619643,
      -0.9275675925693027,
      -1.0885001526475133,
      1.0513068498738825,
      0.22876265391858244,
      0.6519556822723966
    ],
    "timestamps": [
      -0.005009889602661133,
      -0.004532575607299805,
      -0.004053831100463867,
      -0.003555774688720703,
      -0.003061532974243164,
      -0.0024144649505615234,
      -0.0019147396087646484,
      -0.0014340877532958984,
      -0.0007786750793457031,
      -0.0001914501190185547,
      0.001940011978149414,
      0.003263711929321289,
      0.004070281982421875,
      0.004950284957885742,
      0.005750179290771484,
      0.006616115570068359,
      0.0077288150787353516,
      0.008580207824707031,
      0.009500980377197266,
      0.010424137115478516,
      0.01129007339477539,
      0.012167930603027344,
      0.01302194595336914,
      0.013836145401000977,
      0.014758110046386719,
      0.01561117172241211,
      0.016402721405029297,
      0.017277956008911133,
      0.018094778060913086,
      0.018958091735839844,
      0.0198361873626709,
      0.020647048950195312,
      0.021411657333374023,
      0.02266836166381836,
      0.02353382110595703,
      0.024663686752319336,
      0.02552056312561035,
      0.026392459869384766,
      0.027245521545410156,
      0.02808094024658203,
      0.028893709182739258,
      0.029746294021606445,
      0.03057122230529785,
      0.03136157989501953,
      0.03263258934020996,
      0.033524274826049805,
      0.03438234329223633,
      0.035247087478637695,
      0.03609347343444824,
      0.036955833435058594,
      0.03779745101928711,
      0.03868460655212402,
      0.039502620697021484,
      0.040314674377441406,
      0.041116952896118164,
      0.041873931884765625,
      0.04278135299682617,
      0.0436406135559082,
      0.04445958137512207,
      0.04528355598449707,
      0.04613757133483887,
      0.04693913459777832,
      0.04782509803771973,
      0.04873037338256836,
      0.0495610237121582,
      0.05039834976196289,
      0.051598310470581055,
      0.052451133728027344,
      0.053308963775634766,
      0.05417799949645996,
      0.055065155029296875,
      0.05594062805175781,
      0.0567624568939209,
      0.05758810043334961,
      0.058508872985839844,
      0.059369802474975586,
      0.06021881103515625,
      0.06102919578552246,
      0.061896562576293945,
      0.06277275085449219,
      0.0636436939239502,
      0.0644984245300293,
      0.0654304027557373,
      0.06659412384033203,
      0.06740856170654297,
      0.06826472282409668,
      0.0691220760345459,
      0.0699765682220459,
      0.07090926170349121,
      0.07178425788879395,
      0.07270669937133789,
      0.07357549667358398,
      0.07438802719116211,
      0.07535386085510254,
      0.07622289657592773,
      0.07708096504211426,
      0.07793831825256348,
      0.0788719654083252,
      0.07976436614990234,
      0.08089756965637207,
      0.08200716972351074
    ]
  }
}