{
  "weld_number": 2,
  "timestamp": "2025-11-15T21:23:40.195451",
  "energy_joules": -0.04,
  "peak_current_amps": 2.0,
  "duration_ms": 70.6,
  "settings": {
    "mode": 1,
    "d1": 45,
    "gap1": 0,
    "d2": 0,
    "gap2": 0,
    "d3": 0,
    "weld_counter": 1
  },
  "data": {
    "voltage": [
      8.779,
      8.779,
      8.779,
      8.779,
      8.779,
      8.779,
      8.779,
      8.779,
      8.779,
      8.779,
      8.779,
      8.779,
      8.779,
      8.779,
      8.779,
      8.779,
      8.779,
      8.779,
      8.779,
      8.779,
      8.779,
      8.779,
      8.779,
      8.779,
      8.779,
      8.779,
      8.779,
      8.779,
      8.779,
      8.779,
      8.779,
      8.779,
      8.779,
      8.779,
      8.779,
      8.779,
      8.779
    ],
    "current": [
      -0.39023165586372094,
      0.40847067933925135,
      -0.7657409627128796,
      0.8018613817526554,
      -0.8313060797817805,
      0.176012537004058,
      -0.27102235210208336,
      -0.6465316589512421,
      1.1594892930375686,
      -0.6167293330108325,
      -0.9743572442957458,
      1.058161384840176,
      0.49787765716047944,
      -0.86110840572219,
      -0.6524921241393239,
      1.6542079036483646,
      1.0164381285236035,
      0.04488230286625627,
      0.4680753312200699,
      0.05680323324241986,
      0.1819730021921398,
      -0.8313060797817805,
      1.5111567391343992,
      1.9879939541809506,
      0.3965497489630872,
      0.14621021106364845,
      -0.998199105048073,
      -0.22929909578551025,
      1.1416078974733224,
      -0.8074642190294528,
      -1.0995270132454653,
      -0.5154014248134409,
      -1.1472107347501201,
      -0.6882549152678152,
      -0.7180572412082247,
      -1.1174084088097107,
      -0.9803177094838276
    ],
    "timestamps": [
      -0.014521121978759766,
      -0.012932777404785156,
      -0.011333465576171875,
      -0.009756803512573242,
      -0.008183479309082031,
      -0.00657200813293457,
      -0.005004167556762695,
      -0.0034399032592773438,
      -0.001867532730102539,
      -0.0002186298370361328,
      0.003248453140258789,
      0.0053369998931884766,
      0.007356166839599609,
      0.009393930435180664,
      0.011397838592529297,
      0.013433694839477539,
      0.015384435653686523,
      0.01742410659790039,
      0.019418954849243164,
      0.021443843841552734,
      0.023436784744262695,
      0.025452852249145508,
      0.02743840217590332,
      0.02963709831237793,
      0.03162503242492676,
      0.03384089469909668,
      0.035839080810546875,
      0.03786206245422363,
      0.03984570503234863,
      0.04187297821044922,
      0.0438694953918457,
      0.04581475257873535,
      0.047720909118652344,
      0.049660682678222656,
      0.05214405059814453,
      0.054144859313964844,
      0.056099891662597656
    ]
  }
}