{
  "weld_number": 28,
  "timestamp": "2025-11-15T23:47:35.988501",
  "energy_joules": 0.0,
  "peak_current_amps": 2.0,
  "duration_ms": 55.8,
  "settings": {
    "mode": 1,
    "d1": 50,
    "gap1": 0,
    "d2": 0,
    "gap2": 0,
    "d3": 0,
    "weld_counter": 27
  },
  "data": {
    "voltage": [
      8.884,
      8.884,
      8.884,
      8.884,
      8.884,
      8.884,
      8.884,
      8.884,
      8.884,
      8.884,
      8.884,
      8.884,
      8.884,
      8.884,
      8.884,
      8.884,
      8.884,
      8.884,
      8.884,
      8.884,
      8.884,
      8.884,
      8.884,
      8.884,
      8.884,
      8.884,
      8.884,
      8.884,
      8.884,
      8.884,
      8.884,
      8.884,
      8.884,
      8.884,
      8.884,
      8.884,
      8.884,
      8.884,
      8.884,
      8.884,
      8.884,
      8.884,
      8.884,
      8.884,
      8.884,
      8.884,
      8.884,
      8.884,
      8.884,
      8.884,
      8.884,
      8.884,
      8.884,
      8.884,
      8.884,
      8.884,
      8.884,
      8.884,
      8.884,
      8.884,
      8.884,
      8.884,
      8.884,
      8.884,
      8.884,
      8.884,
      8.884,
      8.884
    ],
    "current": [
      0.09095669877012943,
      -0.14746190875314574,
      -0.9104014528276267,
      -1.2203456426078845,
      -2.6985410092521915,
      -1.0832549432820016,
      -1.1547805255389842,
      0.1565218158390303,
      -1.059413082529674,
      0.28169158478874967,
      0.9790660117943304,
      -0.8925200572633814,
      -1.1368991299747384,
      1.6406776476714187,
      -0.2547502821386197,
      0.6929636827663997,
      0.8479357776565286,
      0.35321716704573236,
      0.37705902779805955,
      -0.5468130763546322,
      1.9804241633920865,
      -1.1965037818555573,
      -0.7733107535017437,
      -1.619696810209371,
      1.050591594051313,
      -0.46336656372148594,
      0.8121729865280367,
      0.12671948989862075,
      -1.0772944780939198,
      1.1817218281891135,
      -0.701785171244761,
      1.110196245932131,
      -1.0415316869654285,
      0.5201101923120248,
      -0.15938283912930987,
      0.5022287967477794,
      0.5856753093809252,
      -0.7852316838779073,
      1.4618636920289625,
      2.028107884896741,
      -1.3335944811814404,
      0.8598567080326922,
      -1.1547805255389842,
      -1.3335944811814404,
      1.2413264800699326,
      0.03135204688931036,
      0.1505613506509485,
      -1.0355712217773467,
      -1.1309386647866566,
      0.7048846131425633,
      -1.0296107565892643,
      -0.3501177251479301,
      0.1684427462151939,
      0.34725670185765056,
      -1.119017734410493,
      -0.10573865243657261,
      -1.1428595951628202,
      0.4307032144907968,
      1.0088683377347394,
      -0.46336656372148594,
      0.990986942170494,
      0.34725670185765056,
      1.0863543851798039,
      0.9850264769824122,
      -1.2620688989244582,
      0.7466078694591369,
      1.0088683377347394,
      0.09095669877012943
    ],
    "timestamps": [
      -0.004888296127319336,
      -0.004413604736328125,
      -0.0039408206939697266,
      -0.0034399032592773438,
      -0.0029435157775878906,
      -0.002463817596435547,
      -0.0019888877868652344,
      -0.0015110969543457031,
      -0.0008807182312011719,
      -0.0001277923583984375,
      0.0015902519226074219,
      0.002465963363647461,
      0.003406047821044922,
      0.004546403884887695,
      0.005470991134643555,
      0.006259441375732422,
      0.007054328918457031,
      0.007948637008666992,
      0.008783817291259766,
      0.009668350219726562,
      0.010468482971191406,
      0.011294364929199219,
      0.012073516845703125,
      0.01288747787475586,
      0.013680219650268555,
      0.014512062072753906,
      0.01534271240234375,
      0.016172409057617188,
      0.01720118522644043,
      0.01804375648498535,
      0.018878936767578125,
      0.01974010467529297,
      0.02062702178955078,
      0.02147817611694336,
      0.022310495376586914,
      0.02314281463623047,
      0.02398538589477539,
      0.024814367294311523,
      0.025657176971435547,
      0.026647329330444336,
      0.02749490737915039,
      0.028339385986328125,
      0.029166698455810547,
      0.029946088790893555,
      0.030765295028686523,
      0.03159284591674805,
      0.03254389762878418,
      0.03335118293762207,
      0.034310340881347656,
      0.035155296325683594,
      0.03600764274597168,
      0.03687906265258789,
      0.037662506103515625,
      0.038483381271362305,
      0.039267539978027344,
      0.040282487869262695,
      0.041208744049072266,
      0.04204273223876953,
      0.0428309440612793,
      0.043673038482666016,
      0.044499874114990234,
      0.045361995697021484,
      0.046152591705322266,
      0.04695868492126465,
      0.04776883125305176,
      0.048610687255859375,
      0.04961729049682617,
      0.05093073844909668
    ]
  }
}