{
  "weld_number": 28,
  "timestamp": "2025-11-14T10:18:37.708259",
  "energy_joules": -0.0,
  "peak_current_amps": 0.1,
  "duration_ms": 76.7,
  "settings": {
    "mode": 1,
    "d1": 40,
    "gap1": 0,
    "d2": 0,
    "gap2": 0,
    "d3": 0,
    "weld_counter": 27
  },
  "data": {
    "voltage": [
      8.883,
      8.883,
      8.883,
      8.883,
      8.883,
      8.883,
      8.883,
      8.883,
      8.883,
      8.883,
      8.883,
      8.883,
      8.883,
      8.883,
      8.883,
      8.883,
      8.883,
      8.883,
      8.883,
      8.883,
      8.883,
      8.883,
      8.883,
      8.883,
      8.883,
      8.883,
      8.883,
      8.883,
      8.883,
      8.883,
      8.883,
      8.883,
      8.883,
      8.883,
      8.883,
      8.883,
      8.883,
      8.883,
      8.883,
      8.883,
      8.883,
      8.883,
      8.883,
      8.883,
      8.883,
      8.883,
      8.883,
      8.883,
      8.883,
      8.883,
      8.883,
      8.883,
      8.883,
      8.883,
      8.883,
      8.883,
      8.883,
      8.883,
      8.883,
      8.883,
      8.883,
      8.883,
      8.883,
      8.883,
      8.883,
      8.883,
      8.883,
      8.883,
      8.883,
      8.883,
      8.883,
      8.883,
      8.883,
      8.883,
      8.883,
      8.883,
      8.883,
      8.883,
      8.883,
      8.883,
      8.883,
      8.883,
      8.883,
      8.883,
      8.883,
      8.883,
      8.883,
      8.883,
      8.883,
      8.883,
      8.883,
      8.883,
      8.883,
      8.883,
      8.883,
      8.883,
      8.883,
      8.883,
      8.883,
      8.883,
      8.883,
      8.883,
      8.883,
      8.883,
      8.883,
      8.883,
      8.883,
      8.883,
      8.883,
      8.883,
      8.883,
      8.883,
      8.883,
      8.883,
      8.883,
      8.883,
      8.883,
      8.883,
      8.883,
      8.883,
      8.883,
      8.883,
      8.883,
      8.883,
      8.883,
      8.883,
      8.883,
      8.883,
      8.883,
      8.883,
      8.883,
      8.883,
      8.883,
      8.883,
      8.883,
      8.883,
      8.883,
      8.883,
      8.883,
      8.883,
      8.883,
      8.883,
      8.883,
      8.883,
      8.883,
      8.883,
      8.883,
      8.883,
      8.883,
      8.883,
      8.883,
      8.883,
      8.883,
      8.883,
      8.883,
      8.883,
      8.883
    ],
    "current": [
      -0.0010728837338547386,
      -0.007033348921936621,
      -0.012993814110018504,
      0.028729442206554674,
      0.03468990739463656,
      -0.007033348921936621,
      0.03468990739463656,
      0.010848046642309025,
      -0.018954279298100386,
      -0.012993814110018504,
      0.022768977018472792,
      -0.042796140050427915,
      0.004887581454227144,
      -0.018954279298100386,
      -0.036835674862346034,
      -0.036835674862346034,
      -0.018954279298100386,
      0.028729442206554674,
      -0.007033348921936621,
      -0.007033348921936621,
      0.022768977018472792,
      -0.0010728837338547386,
      -0.03087520967426415,
      -0.007033348921936621,
      -0.042796140050427915,
      -0.018954279298100386,
      0.004887581454227144,
      -0.0487566052385098,
      -0.012993814110018504,
      -0.042796140050427915,
      -0.018954279298100386,
      -0.0487566052385098,
      -0.0010728837338547386,
      0.01680851183039091,
      0.010848046642309025,
      0.04661083777080032,
      -0.024914744486182267,
      -0.03087520967426415,
      -0.007033348921936621,
      -0.012993814110018504,
      -0.018954279298100386,
      0.01680851183039091,
      0.03468990739463656,
      0.004887581454227144,
      -0.06067753561467356,
      -0.007033348921936621,
      -0.007033348921936621,
      -0.007033348921936621,
      0.01680851183039091,
      -0.012993814110018504,
      0.01680851183039091,
      0.004887581454227144,
      0.010848046642309025,
      -0.018954279298100386,
      0.058531768146964085,
      -0.036835674862346034,
      0.03468990739463656,
      -0.018954279298100386,
      -0.0010728837338547386,
      -0.012993814110018504,
      0.022768977018472792,
      0.010848046642309025,
      -0.05471707042659168,
      0.04661083777080032,
      -0.03087520967426415,
      0.03468990739463656,
      0.01680851183039091,
      0.03468990739463656,
      -0.08451939636700109,
      -0.012993814110018504,
      -0.018954279298100386,
      0.028729442206554674,
      -0.007033348921936621,
      0.01680851183039091,
      -0.03087520967426415,
      -0.0487566052385098,
      -0.012993814110018504,
      0.004887581454227144,
      -0.042796140050427915,
      -0.024914744486182267,
      0.004887581454227144,
      -0.0010728837338547386,
      -0.042796140050427915,
      0.06449223333504596,
      -0.0010728837338547386,
      -0.0010728837338547386,
      0.004887581454227144,
      0.004887581454227144,
      -0.036835674862346034,
      0.03468990739463656,
      0.01680851183039091,
      -0.0010728837338547386,
      -0.03087520967426415,
      0.028729442206554674,
      0.028729442206554674,
      0.01680851183039091,
      -0.018954279298100386,
      0.03468990739463656,
      -0.024914744486182267,
      -0.0487566052385098,
      0.0525713029588822,
      -0.018954279298100386,
      -0.042796140050427915,
      0.06449223333504596,
      0.004887581454227144,
      -0.007033348921936621,
      0.022768977018472792,
      -0.0010728837338547386,
      -0.012993814110018504,
      -0.007033348921936621,
      0.028729442206554674,
      0.01680851183039091,
      -0.06067753561467356,
      -0.0010728837338547386,
      0.022768977018472792,
      -0.03087520967426415,
      0.06449223333504596,
      0.028729442206554674,
      0.04661083777080032,
      -0.042796140050427915,
      -0.007033348921936621,
      0.04065037258271844,
      0.06449223333504596,
      -0.0010728837338547386,
      -0.036835674862346034,
      -0.018954279298100386,
      0.004887581454227144,
      0.010848046642309025,
      -0.06067753561467356,
      -0.024914744486182267,
      -0.0487566052385098,
      -0.03087520967426415,
      0.03468990739463656,
      -0.03087520967426415,
      -0.0010728837338547386,
      -0.024914744486182267,
      -0.012993814110018504,
      -0.03087520967426415,
      0.022768977018472792,
      -0.042796140050427915,
      -0.024914744486182267,
      0.022768977018472792,
      0.04065037258271844,
      0.01680851183039091,
      0.004887581454227144,
      0.01680851183039091,
      -0.007033348921936621,
      0.028729442206554674,
      0.010848046642309025,
      0.01680851183039091,
      -0.007033348921936621,
      0.010848046642309025,
      -0.05471707042659168,
      0.004887581454227144,
      0.010848046642309025,
      -0.012993814110018504,
      -0.0010728837338547386
    ],