{
  "weld_number": 53,
  "timestamp": "2025-11-14T18:37:51.248620",
  "energy_joules": 57.62,
  "peak_current_amps": 776.3,
  "duration_ms": 49.9,
  "settings": {
    "mode": 1,
    "d1": 25,
    "gap1": 0,
    "d2": 0,
    "gap2": 0,
    "d3": 0
  },
  "data": {
    "voltage": [
      8.85,
      8.85,
      8.85,
      8.85,
      8.85,
      8.85,
      8.85,
      8.85,
      8.85,
      8.85,
      8.85,
      8.85,
      8.85,
      8.85,
      8.85,
      8.85,
      8.85,
      8.85,
      8.85,
      8.85,
      8.85,
      8.85,
      8.85,
      8.85,
      8.85,
      8.85,
      8.85,
      8.85,
      8.85,
      8.85,
      8.85,
      8.85,
      8.85,
      8.85,
      8.85,
      8.85,
      8.85,
      8.85,
      8.85,
      8.85,
      8.85,
      8.85,
      8.85,
      8.85,
      8.85,
      8.85,
      8.85,
      8.85,
      8.85,
      8.85,
      8.85,
      8.85,
      8.85,
      8.85,
      8.85,
      8.85,
      8.85,
      8.85,
      8.85,
      8.85,
      8.85,
      8.85,
      8.85,
      8.85,
      8.85,
      8.85,
      8.85,
      8.85,
      8.85,
      8.85,
      8.85,
      8.85,
      8.85,
      8.85,
      8.85,
      8.85,
      8.85,
      8.85,
      8.85,
      8.85,
      8.85,
      8.85,
      8.85,
      8.85,
      8.85,
      8.85,
      8.85,
      8.85,
      8.85,
      8.85,
      8.85,
      8.85,
      8.85,
      8.85,
      8.85,
      8.85,
      8.85,
      8.85,
      8.85,
      8.85,
      8.85,
      8.85,
      8.85,
      8.85,
      8.85,
      8.85,
      8.85,
      8.85,
      8.85,
      8.85,
      8.85,
      8.85,
      8.85,
      8.85,
      8.85,
      8.85,
      8.85,
      8.85,
      8.85,
      8.85,
      8.85
    ],
    "current": [
      0.017166139741675822,
      -0.030517581762979237,
      0.04100800049400335,
      -0.018596651386815474,
      0.029087070117839585,
      0.06484986124633088,
      0.05292893087016712,
      0.029087070117839585,
      0.005245209365512057,
      0.017166139741675822,
      -0.018596651386815474,
      0.017166139741675822,
      0.08869172199865841,
      0.06484986124633088,
      0.005245209365512057,
      0.005245209365512057,
      0.06484986124633088,
      -0.018596651386815474,
      -0.0782013032676343,
      0.08869172199865841,
      0.017166139741675822,
      -0.018596651386815474,
      0.17213823463180478,
      -0.06628037289147053,
      -0.06628037289147053,
      0.029087070117839585,
      0.029087070117839585,
      -0.10204316401996183,
      -0.06628037289147053,
      -0.030517581762979237,
      0.017166139741675822,
      -0.018596651386815474,
      0.06484986124633088,
      0.005245209365512057,
      0.10061265237482217,
      0.017166139741675822,
      0.05292893087016712,
      -0.030517581762979237,
      -0.042438512139143,
      0.04100800049400335,
      -0.018596651386815474,
      -0.0782013032676343,
      0.005245209365512057,
      -0.05435944251530677,
      0.05292893087016712,
      0.005245209365512057,
      0.04100800049400335,
      0.029087070117839585,
      0.029087070117839585,
      -0.030517581762979237,
      -0.030517581762979237,
      -0.006675721010651708,
      0.04100800049400335,
      -0.05435944251530677,
      0.06484986124633088,
      -0.018596651386815474,
      -0.042438512139143,
      0.12445451312714971,
      0.06484986124633088,
      0.06484986124633088,
      0.017166139741675822,
      0.06484986124633088,
      -0.006675721010651708,
      0.07677079162249464,
      0.05292893087016712,
      -0.030517581762979237,
      0.08869172199865841,
      0.029087070117839585,
      -0.06628037289147053,
      0.04100800049400335,
      0.06484986124633088,
      0.04100800049400335,
      -0.006675721010651708,
      0.10061265237482217,
      0.005245209365512057,
      -0.042438512139143,
      -0.06628037289147053,
      -0.030517581762979237,
      0.04100800049400335,
      0.017166139741675822,
      0.10061265237482217,
      0.08869172199865841,
      0.08869172199865841,
      -0.06628037289147053,
      -0.006675721010651708,
      0.08869172199865841,
      0.005245209365512057,
      0.10061265237482217,
      0.07677079162249464,
      0.08869172199865841,
      776.3081522355261,
      773.1848684769711,
      772.0881428823641,
      771.6828312495745,
      771.4444126420512,
      771.5397800850606,
      771.4920963635559,
      771.4563335724274,
      771.4682545028036,
      771.4682545028036,
      0.029087070117839585,
      -0.11396409439612559,
      -0.030517581762979237,
      0.08869172199865841,
      0.04100800049400335,
      0.029087070117839585,
      -0.006675721010651708,
      0.029087070117839585,
      -0.018596651386815474,
      0.05292893087016712,
      0.05292893087016712,
      0.005245209365512057,
      0.07677079162249464,
      0.005245209365512057,
      -0.006675721010651708,
      0.04100800049400335,
      -0.030517581762979237,
      -0.018596651386815474,
      -0.042438512139143,
      -0.042438512139143,
      -0.05435944251530677
    ],