{
  "weld_number": 23,
  "timestamp": "2025-11-13T18:20:27.993924",
  "energy_joules": 1055.73,
  "peak_current_amps": 2661.9,
  "duration_ms": 44.6,
  "settings": {
    "mode": 1,
    "d1": 40,
    "gap1": 0,
    "d2": 0,
    "gap2": 0,
    "d3": 0,
    "weld_counter": 22
  },
  "data": {
    "voltage": [
      8.884,
      8.884,
      8.884,
      8.884,
      8.884,
      8.884,
      8.884,
      8.884,
      8.884,
      8.884,
      8.884,
      8.884,
      8.884,
      8.884,
      8.884,
      8.884,
      8.884,
      8.884,
      8.884,
      8.884
    ],
    "current": [
      2661.945334701302,
      2661.9436599559613,
      2661.938635719939,
      2661.9377983472687,
      2661.9403104652797,
      2661.9377983472687,
      2661.9398917789445,
      2661.9415665242855,
      2661.9436599559613,
      2661.9419852106203,
      2661.9415665242855,
      2661.9340301702523,
      2661.9319367385765,
      2661.9344488565876,
      2661.9323554249117,
      2661.907234244802,
      2661.642624480979,
      2661.638018931292,
      2661.6413684219733,
      2661.6396936766328
    ],
    "timestamps": [
      0.0007739067077636719,
      0.0029625892639160156,
      0.005332469940185547,
      0.007464408874511719,
      0.009594202041625977,
      0.01194906234741211,
      0.014584779739379883,
      0.017148256301879883,
      0.01987171173095703,
      0.02208113670349121,
      0.024286985397338867,
      0.026356220245361328,
      0.028858184814453125,
      0.031063079833984375,
      0.03328824043273926,
      0.035483598709106445,
      0.03768444061279297,
      0.03982830047607422,
      0.042812347412109375,
      0.04541730880737305
    ]
  }
}