{
  "weld_number": 23,
  "timestamp": "2025-11-14T10:01:21.462084",
  "energy_joules": 0.0,
  "peak_current_amps": 0.1,
  "duration_ms": 49.6,
  "settings": {
    "mode": 1,
    "d1": 40,
    "gap1": 0,
    "d2": 0,
    "gap2": 0,
    "d3": 0,
    "weld_counter": 22
  },
  "data": {
    "voltage": [
      8.884,
      8.884,
      8.884,
      8.884,
      8.884,
      8.884,
      8.884,
      8.884,
      8.884,
      8.884,
      8.884,
      8.884,
      8.884,
      8.884,
      8.884,
      8.884,
      8.884,
      8.884,
      8.884,
      8.884,
      8.884,
      8.884,
      8.884,
      8.884,
      8.884,
      8.884,
      8.884,
      8.884,
      8.884,
      8.884,
      8.884,
      8.884,
      8.884,
      8.884,
      8.884,
      8.884,
      8.884,
      8.884,
      8.884,
      8.884,
      8.884,
      8.884,
      8.884,
      8.884,
      8.884,
      8.884,
      8.884,
      8.884,
      8.884,
      8.884,
      8.884,
      8.884,
      8.884,
      8.884,
      8.884,
      8.884,
      8.884,
      8.884,
      8.884,
      8.884,
      8.884,
      8.884
    ],
    "current": [
      0.012040139679925404,
      0.006079674491843521,
      -0.059485442577057186,
      0.00011920930376163827,
      0.047802930808416695,
      -0.011801721072402125,
      0.012040139679925404,
      -0.029683116636647775,
      0.02992153524417105,
      0.006079674491843521,
      -0.03564358182472966,
      0.006079674491843521,
      -0.01776218626048401,
      -0.005841255884320244,
      -0.053524977388975305,
      0.012040139679925404,
      0.02992153524417105,
      0.012040139679925404,
      0.018000604868007284,
      -0.029683116636647775,
      0.02992153524417105,
      -0.023722651448565894,
      0.05972386118458046,
      0.006079674491843521,
      0.023961070056089166,
      -0.005841255884320244,
      0.012040139679925404,
      0.05376339599649858,
      -0.011801721072402125,
      -0.04756451220089342,
      0.012040139679925404,
      -0.005841255884320244,
      -0.01776218626048401,
      0.018000604868007284,
      -0.011801721072402125,
      -0.011801721072402125,
      -0.005841255884320244,
      0.023961070056089166,
      0.00011920930376163827,
      0.006079674491843521,
      0.047802930808416695,
      0.018000604868007284,
      0.02992153524417105,
      -0.005841255884320244,
      -0.03564358182472966,
      0.012040139679925404,
      -0.03564358182472966,
      -0.023722651448565894,
      0.05376339599649858,
      0.02992153524417105,
      -0.01776218626048401,
      0.006079674491843521,
      0.012040139679925404,
      0.02992153524417105,
      -0.005841255884320244,
      0.02992153524417105,
      -0.005841255884320244,
      0.006079674491843521,
      -0.04160404701281154,
      -0.023722651448565894,
      0.006079674491843521,
      0.018000604868007284
    ],
    "timestamps": [
      -0.002772808074951172,
      -0.0026438236236572266,
      -0.002346038818359375,
      -0.0017685890197753906,
      -0.0013992786407470703,
      -0.0012660026550292969,
      -0.0009865760803222656,
      -0.0006513595581054688,
      -0.00038170814514160156,
      -0.00019598007202148438,
      0.0016856193542480469,
      0.0026662349700927734,
      0.003496408462524414,
      0.004274845123291016,
      0.005017995834350586,
      0.006028652191162109,
      0.0068738460540771484,
      0.007826805114746094,
      0.008606195449829102,
      0.00946807861328125,
      0.010339736938476562,
      0.011252880096435547,
      0.01211094856262207,
      0.013029336929321289,
      0.013742446899414062,
      0.014948129653930664,
      0.015772581100463867,
      0.015905380249023438,
      0.017546415328979492,
      0.01834416389465332,
      0.01920175552368164,
      0.020045042037963867,
      0.020943164825439453,
      0.021743059158325195,
      0.022608518600463867,
      0.0234220027923584,
      0.02429962158203125,
      0.025328636169433594,
      0.02612924575805664,
      0.02685260772705078,
      0.027716636657714844,
      0.028596162796020508,
      0.029450178146362305,
      0.030371904373168945,
      0.03119206428527832,
      0.03211331367492676,
      0.032948970794677734,
      0.03377676010131836,
      0.0346217155456543,
      0.03549313545227051,
      0.036226749420166016,
      0.03697514533996582,
      0.03778553009033203,
      0.03875923156738281,
      0.03949761390686035,
      0.04039359092712402,
      0.041550636291503906,
      0.04318571090698242,
      0.044069528579711914,
      0.04495406150817871,
      0.045974016189575195,
      0.0467829704284668
    ]
  }
}