{
  "weld_number": 31,
  "timestamp": "2025-11-13T19:34:53.703778",
  "energy_joules": 137.57,
  "peak_current_amps": 387.2,
  "duration_ms": 59.1,
  "settings": {
    "mode": 1,
    "d1": 40,
    "gap1": 0,
    "d2": 0,
    "gap2": 0,
    "d3": 0,
    "weld_counter": 30
  },
  "data": {
    "voltage": [
      8.879,
      8.879,
      8.879,
      8.879,
      8.879,
      8.879,
      8.879,
      8.879,
      8.879,
      8.879,
      8.879,
      8.879,
      8.879,
      8.879,
      8.879,
      8.879,
      8.879,
      8.879,
      8.879,
      8.879,
      8.879,
      8.879,
      8.879,
      8.879,
      8.879,
      8.879,
      8.879,
      8.879,
      8.879,
      8.879,
      8.879,
      8.879
    ],
    "current": [
      0.04321337261359365,
      -0.004470348891061412,
      0.007450581485102353,
      387.16946687334377,
      386.02505755723206,
      385.99525523129165,
      386.0071761616678,
      386.019097092044,
      386.06082034836055,
      386.0787017439248,
      386.06678081354863,
      386.0787017439248,
      386.12042500024137,
      386.1383063958056,
      386.1740691869341,
      386.12042500024137,
      386.1025436046771,
      386.168108721746,
      386.16214825655794,
      386.2694366299434,
      386.25155523437917,
      386.2455947691911,
      386.29327849069574,
      386.31115988626,
      -0.06407500077188023,
      -0.04023314001955271,
      -0.004470348891061412,
      0.007450581485102353,
      0.013411046673184235,
      0.01937151186126612,
      0.013411046673184235,
      -0.05811453558379835
    ],
    "timestamps": [
      -0.014479875564575195,
      -0.012944221496582031,
      -0.011403322219848633,
      -0.009862899780273438,
      -0.008140087127685547,
      -0.006582021713256836,
      -0.005049228668212891,
      -0.0035178661346435547,
      -0.001850128173828125,
      -0.0002307891845703125,
      0.002792835235595703,
      0.0048084259033203125,
      0.006841182708740234,
      0.008809089660644531,
      0.01082611083984375,
      0.012794971466064453,
      0.014789581298828125,
      0.016745805740356445,
      0.01872539520263672,
      0.02067422866821289,
      0.022605180740356445,
      0.024588823318481445,
      0.026552915573120117,
      0.02850961685180664,
      0.030469179153442383,
      0.03243684768676758,
      0.034526824951171875,
      0.03641676902770996,
      0.03847026824951172,
      0.04078173637390137,
      0.04275631904602051,
      0.04465937614440918
    ]
  }
}