{
  "weld_number": 25,
  "timestamp": "2025-11-14T10:06:54.310671",
  "energy_joules": -0.0,
  "peak_current_amps": 0.1,
  "duration_ms": 59.1,
  "settings": {
    "mode": 1,
    "d1": 40,
    "gap1": 0,
    "d2": 0,
    "gap2": 0,
    "d3": 0,
    "weld_counter": 24
  },
  "data": {
    "voltage": [
      8.89,
      8.89,
      8.89,
      8.89,
      8.89,
      8.89,
      8.89,
      8.89,
      8.89,
      8.89,
      8.89,
      8.89,
      8.89,
      8.89,
      8.89,
      8.89,
      8.89,
      8.89,
      8.89,
      8.89,
      8.89,
      8.89,
      8.89,
      8.89,
      8.89,
      8.89,
      8.89,
      8.89,
      8.89,
      8.89,
      8.89,
      8.89,
      8.89,
      8.89,
      8.89,
      8.89,
      8.89,
      8.89,
      8.89,
      8.89,
      8.89,
      8.89,
      8.89,
      8.89,
      8.89,
      8.89,
      8.89,
      8.89,
      8.89,
      8.89,
      8.89,
      8.89,
      8.89,
      8.89,
      8.89,
      8.89,
      8.89,
      8.89,
      8.89,
      8.89,
      8.89,
      8.89,
      8.89,
      8.89,
      8.89,
      8.89,
      8.89,
      8.89,
      8.89,
      8.89,
      8.89,
      8.89,
      8.89,
      8.89,
      8.89,
      8.89,
      8.89,
      8.89,
      8.89,
      8.89,
      8.89,
      8.89,
      8.89,
      8.89,
      8.89,
      8.89,
      8.89,
      8.89,
      8.89,
      8.89,
      8.89,
      8.89,
      8.89,
      8.89,
      8.89,
      8.89,
      8.89,
      8.89,
      8.89,
      8.89,
      8.89,
      8.89,
      8.89,
      8.89,
      8.89,
      8.89,
      8.89,
      8.89,
      8.89,
      8.89,
      8.89,
      8.89,
      8.89,
      8.89,
      8.89,
      8.89,
      8.89,
      8.89,
      8.89,
      8.89,
      8.89,
      8.89,
      8.89,
      8.89,
      8.89,
      8.89,
      8.89,
      8.89,
      8.89,
      8.89,
      8.89,
      8.89,
      8.89,
      8.89,
      8.89,
      8.89,
      8.89,
      8.89,
      8.89,
      8.89,
      8.89,
      8.89,
      8.89,
      8.89,
      8.89,
      8.89,
      8.89,
      8.89
    ],
    "current": [
      -0.031113628281787424,
      -0.007271767529459896,
      -0.01323223271754178,
      0.03445148878711328,
      0.04637241916327704,
      0.016570093222867635,
      -0.01323223271754178,
      0.016570093222867635,
      0.022530558410949517,
      -0.037074093469869306,
      0.04041195397519516,
      0.04041195397519516,
      0.010609628034785752,
      -0.01323223271754178,
      -0.037074093469869306,
      -0.007271767529459896,
      -0.01323223271754178,
      -0.025153163093705543,
      0.03445148878711328,
      -0.007271767529459896,
      0.05233288435135893,
      -0.007271767529459896,
      -0.001311302341378013,
      -0.031113628281787424,
      0.016570093222867635,
      0.04041195397519516,
      0.022530558410949517,
      0.022530558410949517,
      -0.01323223271754178,
      0.004649162846703869,
      -0.048995023846033076,
      0.010609628034785752,
      -0.007271767529459896,
      0.004649162846703869,
      0.022530558410949517,
      -0.001311302341378013,
      -0.01919269790562366,
      -0.01919269790562366,
      -0.037074093469869306,
      -0.01323223271754178,
      -0.01323223271754178,
      -0.01323223271754178,
      0.08213521029176835,
      -0.007271767529459896,
      0.010609628034785752,
      0.05829334953944081,
      -0.025153163093705543,
      0.004649162846703869,
      0.028491023599031398,
      -0.037074093469869306,
      0.016570093222867635,
      -0.01919269790562366,
      -0.007271767529459896,
      0.010609628034785752,
      -0.007271767529459896,
      0.010609628034785752,
      -0.007271767529459896,
      0.05233288435135893,
      -0.01919269790562366,
      -0.001311302341378013,
      -0.025153163093705543,
      0.016570093222867635,
      -0.01919269790562366,
      -0.001311302341378013,
      -0.007271767529459896,
      -0.037074093469869306,
      -0.031113628281787424,
      0.07021427991560458,
      0.028491023599031398,
      0.010609628034785752,
      -0.007271767529459896,
      0.022530558410949517,
      -0.001311302341378013,
      -0.031113628281787424,
      0.004649162846703869,
      0.04041195397519516,
      0.05829334953944081,
      -0.007271767529459896,
      -0.048995023846033076,
      -0.01323223271754178,
      0.022530558410949517,
      -0.01323223271754178,
      0.05829334953944081,
      0.03445148878711328,
      0.028491023599031398,
      -0.001311302341378013,
      0.022530558410949517,
      -0.001311302341378013,
      -0.048995023846033076,
      -0.01919269790562366,
      0.004649162846703869,
      -0.037074093469869306,
      0.028491023599031398,
      0.0642538147275227,
      -0.01919269790562366,
      -0.01323223271754178,
      -0.04303455865795119,
      -0.001311302341378013,
      0.08213521029176835,
      0.028491023599031398,
      -0.031113628281787424,
      -0.01919269790562366,
      -0.025153163093705543,
      -0.031113628281787424,
      0.04637241916327704,
      0.04041195397519516,
      0.04041195397519516,
      0.04041195397519516,
      0.04041195397519516,
      -0.06091595422219683,
      -0.01323223271754178,
      -0.025153163093705543,
      0.028491023599031398,
      -0.05495548903411496,
      -0.031113628281787424,
      -0.01323223271754178,
      -0.025153163093705543,
      -0.037074093469869306,
      -0.01323223271754178,
      0.004649162846703869,
      0.022530558410949517,
      0.028491023599031398,
      -0.025153163093705543,
      -0.025153163093705543,
      0.03445148878711328,
      0.03445148878711328,
      0.022530558410949517,
      0.04637241916327704,
      -0.031113628281787424,
      -0.001311302341378013,
      -0.04303455865795119,
      0.03445148878711328,
      0.03445148878711328,
      0.04637241916327704,
      -0.01323223271754178,
      0.022530558410949517,
      -0.025153163093705543,
      -0.001311302341378013,
      -0.01919269790562366,
      -0.031113628281787424,
      -0.06091595422219683,
      0.004649162846703869,
      -0.031113628281787424,
      0.028491023599031398,
      0.028491023599031398,
      -0.001311302341378013,
      -0.031113628281787424,
      -0.01323223271754178
    ],