{
  "weld_number": 31,
  "timestamp": "2025-11-15T23:51:36.635886",
  "energy_joules": 247.08,
  "peak_current_amps": 1215.3,
  "duration_ms": 76.9,
  "settings": {
    "mode": 1,
    "d1": 65,
    "gap1": 0,
    "d2": 0,
    "gap2": 0,
    "d3": 0,
    "weld_counter": 30
  },
  "data": {
    "voltage": [
      8.873,
      8.873,
      8.873,
      8.873,
      8.873,
      8.873,
      8.873,
      8.873,
      8.873,
      8.873,
      8.873,
      8.873,
      8.873,
      8.873,
      8.873,
      8.873,
      8.873,
      8.873,
      8.873,
      8.873,
      8.873,
      8.873,
      8.873,
      8.873,
      8.873,
      8.873,
      8.873,
      8.873,
      8.873,
      8.873,
      8.873,
      8.873,
      8.873,
      8.873,
      8.873,
      8.873,
      8.873,
      8.873,
      8.873,
      8.873,
      8.873,
      8.873,
      8.873,
      8.873,
      8.873,
      8.873,
      8.873,
      8.873,
      8.873,
      8.873,
      8.873,
      8.873,
      8.873,
      8.873,
      8.873,
      8.873,
      8.873,
      8.873,
      8.873,
      8.873,
      8.873,
      8.873,
      8.873,
      8.873,
      8.873,
      8.873,
      8.873,
      8.873,
      8.873,
      8.873,
      8.873,
      8.873,
      8.873,
      8.873,
      8.873,
      8.873,
      8.873,
      8.873,
      8.873,
      8.873,
      8.873,
      8.873,
      8.873,
      8.873
    ],
    "current": [
      1212.1863022072675,
      1214.4930022350552,
      1215.2559417791297,
      1214.85063014634,
      1214.0280859503848,
      1212.1803417420795,
      1211.9419231345562,
      1211.1134184734128,
      1207.8172812244036,
      1206.094706785048,
      1203.4303788459754,
      1201.3978602168393,
      1198.0063555248207,
      1193.142615931346,
      1187.8079995880125,
      1185.1138693229996,
      1182.7296832477668,
      1177.055320388713,
      1173.0677691778862,
      1170.6001365900202,
      1168.4662900526869,
      1165.7423574617335,
      1163.3164481301842,
      1162.8157690543853,
      1158.8460992391229,
      1157.1473666605195,
      1155.8360643191415,
      1153.6426131299274,
      1152.4803224182513,
      1149.541813080527,
      1147.3185595653724,
      1144.6959548826164,
      1142.639594392728,
      1141.2210036779645,
      1139.5997571468063,
      1136.738733856527,
      1135.0161594171714,
      1132.9121152057785,
      1131.058410532285,
      1128.0364546819276,
      1126.5284569893429,
      1123.1727150884526,
      1121.8435313515104,
      1119.7454476053056,
      1116.6162033815626,
      1115.120126619354,
      1113.820745208352,
      1112.0445265823037,
      1111.2994684337934,
      1110.4411614467097,
      1108.3967218871976,
      1106.5847404700207,
      1104.3614869548662,
      1102.5137427465609,
      1100.5229473737415,
      1098.4904287446057,
      1097.1076008209707,
      1096.3446612768962,
      1094.6995728849856,
      1092.053126341477,
      1090.6106937659613,
      1088.6020169975777,
      1087.5589355896634,
      1085.8721239414363,
      1085.341642539697,
      1084.101865780576,
      1081.556747145265,
      1080.4182982943414,
      1079.0354703707064,
      6.831229547408764,
      -0.2736449567848398,
      0.22703411901403883,
      0.45353179616114986,
      -0.23788216565634845,
      0.6085038910512793,
      0.7217527296248346,
      -0.35709146941798603,
      1.991331814686276,
      0.28067830570677554,
      0.054180628559663976,
      -0.708758915514817,
      -0.9889007793546654,
      0.3998876094684131,
      -0.23788216565634845
    ],
    "timestamps": [
      0.0,
      0.0006344318389892578,
      0.001434326171875,
      0.002070188522338867,
      0.002541065216064453,
      0.003011465072631836,
      0.0035047531127929688,
      0.003977298736572266,
      0.004563808441162109,
      0.005148172378540039,
      0.00693821907043457,
      0.008011341094970703,
      0.009021997451782227,
      0.010002613067626953,
      0.01105642318725586,
      0.012096166610717773,
      0.013386011123657227,
      0.014410018920898438,
      0.015473365783691406,
      0.01669454574584961,
      0.017775774002075195,
      0.01880669593811035,
      0.0198667049407959,
      0.020898103713989258,
      0.02188587188720703,
      0.022877216339111328,
      0.023946046829223633,
      0.025017499923706055,
      0.026096105575561523,
      0.02710580825805664,
      0.02818751335144043,
      0.02917027473449707,
      0.03019571304321289,
      0.031183719635009766,
      0.03217315673828125,
      0.03317117691040039,
      0.03427243232727051,
      0.03535747528076172,
      0.036415815353393555,
      0.03743457794189453,
      0.03844046592712402,
      0.03952431678771973,
      0.040422677993774414,
      0.041318655014038086,
      0.04219865798950195,
      0.04309439659118652,
      0.044007301330566406,
      0.04488420486450195,
      0.04565596580505371,
      0.04647254943847656,
      0.047353506088256836,
      0.048267364501953125,
      0.0491943359375,
      0.050087690353393555,
      0.050985097885131836,
      0.05184817314147949,
      0.052702903747558594,
      0.05360579490661621,
      0.054509878158569336,
      0.05541348457336426,
      0.05627274513244629,
      0.05714106559753418,
      0.058020591735839844,
      0.05896496772766113,
      0.05987811088562012,
      0.06073570251464844,
      0.06158089637756348,
      0.06274771690368652,
      0.06368279457092285,
      0.06461191177368164,
      0.06551313400268555,
      0.0663900375366211,
      0.06722736358642578,
      0.06811690330505371,
      0.06892085075378418,
      0.06975626945495605,
      0.07056212425231934,
      0.07164549827575684,
      0.07244277000427246,
      0.07329678535461426,
      0.07420969009399414,
      0.07495450973510742,
      0.07578086853027344,
      0.07686400413513184
    ]
  }
}