{
  "weld_number": 3,
  "timestamp": "2025-11-15T21:23:41.031685",
  "energy_joules": 0.14,
  "peak_current_amps": 2.5,
  "duration_ms": 69.5,
  "settings": {
    "mode": 1,
    "d1": 45,
    "gap1": 0,
    "d2": 0,
    "gap2": 0,
    "d3": 0,
    "weld_counter": 2
  },
  "data": {
    "voltage": [
      8.817,
      8.817,
      8.817,
      8.817,
      8.817,
      8.817,
      8.817,
      8.817,
      8.817,
      8.817,
      8.817,
      8.817,
      8.817,
      8.817,
      8.817,
      8.817,
      8.817,
      8.817,
      8.817,
      8.817,
      8.817,
      8.817,
      8.817,
      8.817,
      8.817,
      8.817,
      8.817,
      8.817,
      8.817,
      8.817,
      8.817,
      8.817,
      8.817,
      8.817,
      8.817,
      8.817,
      8.817
    ],
    "current": [
      -0.5332828203776863,
      1.0879637107805862,
      1.2846590619872875,
      -0.890910731662599,
      -0.9385944531672545,
      -0.604808402634669,
      0.6766916128029355,
      0.8614660336334745,
      -0.002801418638398662,
      -0.21141770022126485,
      1.3144613879276976,
      0.9449125462666208,
      -0.5273223551896045,
      -1.123368873997793,
      -0.5750060766942594,
      1.0522009196520943,
      0.9329916158904572,
      1.6959311599649383,
      0.7899404513764918,
      1.058161384840176,
      -0.11008979202387265,
      1.9522311630524587,
      2.1966102357638158,
      2.5125148907321555,
      1.4038683657489257,
      -0.5630851463180958,
      0.068724163618584,
      -1.0041595702361548,
      -1.057803756928892,
      -0.014722349014562259,
      -1.2843014340760037,
      -0.4796386336849495,
      -1.045882826552728,
      -2.482354936880462,
      0.49787765716047944,
      0.30714277114185917,
      0.8376241728811462
    ],
    "timestamps": [
      -0.014205694198608398,
      -0.012685775756835938,
      -0.011070489883422852,
      -0.009520530700683594,
      -0.007991790771484375,
      -0.006284952163696289,
      -0.0047571659088134766,
      -0.0032317638397216797,
      -0.001708984375,
      -0.00016427040100097656,
      0.003026247024536133,
      0.004993915557861328,
      0.006964921951293945,
      0.008916139602661133,
      0.010855913162231445,
      0.012874841690063477,
      0.014860153198242188,
      0.016888141632080078,
      0.01884174346923828,
      0.020823955535888672,
      0.022779464721679688,
      0.02477574348449707,
      0.026743173599243164,
      0.028753280639648438,
      0.03071427345275879,
      0.03271031379699707,
      0.03462553024291992,
      0.036607980728149414,
      0.038564443588256836,
      0.0405726432800293,
      0.042543888092041016,
      0.04452800750732422,
      0.04647350311279297,
      0.048451900482177734,
      0.05079245567321777,
      0.05334758758544922,
      0.055333852767944336
    ]
  }
}