{
  "weld_number": 21,
  "timestamp": "2025-11-13T18:17:46.722753",
  "energy_joules": 50.28,
  "peak_current_amps": 2661.9,
  "duration_ms": 2.1,
  "settings": {
    "mode": 1,
    "d1": 40,
    "gap1": 0,
    "d2": 0,
    "gap2": 0,
    "d3": 0,
    "weld_counter": 20
  },
  "data": {
    "voltage": [
      8.884,
      8.884
    ],
    "current": [
      2661.945753387637,
      2661.9482655056477
    ],
    "timestamps": [
      0.0014622211456298828,
      0.003588438034057617
    ]
  }
}