{
  "weld_number": 30,
  "timestamp": "2025-11-14T10:30:45.232601",
  "energy_joules": 106.22,
  "peak_current_amps": 388.5,
  "duration_ms": 67.6,
  "settings": {
    "mode": 1,
    "d1": 30,
    "gap1": 0,
    "d2": 0,
    "gap2": 0,
    "d3": 0
  },
  "data": {
    "voltage": [
      8.881,
      8.881,
      8.881,
      8.881,
      8.881,
      8.881,
      8.881,
      8.881,
      8.881,
      8.881,
      8.881,
      8.881,
      8.881,
      8.881,
      8.881,
      8.881,
      8.881,
      8.881,
      8.881,
      8.881,
      8.881,
      8.881,
      8.881,
      8.881,
      8.881,
      8.881,
      8.881,
      8.881,
      8.881,
      8.881,
      8.881,
      8.881,
      8.881,
      8.881,
      8.881,
      8.881,
      8.881,
      8.881,
      8.881,
      8.881,
      8.881,
      8.881,
      8.881,
      8.881,
      8.881,
      8.881,
      8.881,
      8.881,
      8.881,
      8.881,
      8.881,
      8.881,
      8.881,
      8.881,
      8.881,
      8.881,
      8.881,
      8.881,
      8.881,
      8.881,
      8.881,
      8.881,
      8.881,
      8.881,
      8.881,
      8.881,
      8.881,
      8.881,
      8.881,
      8.881,
      8.881,
      8.881,
      8.881,
      8.881,
      8.881,
      8.881,
      8.881,
      8.881,
      8.881,
      8.881,
      8.881,
      8.881,
      8.881,
      8.881,
      8.881,
      8.881,
      8.881,
      8.881,
      8.881,
      8.881,
      8.881,
      8.881,
      8.881,
      8.881,
      8.881,
      8.881,
      8.881,
      8.881,
      8.881,
      8.881,
      8.881,
      8.881,
      8.881,
      8.881,
      8.881,
      8.881,
      8.881,
      8.881,
      8.881,
      8.881,
      8.881,
      8.881,
      8.881,
      8.881,
      8.881,
      8.881,
      8.881,
      8.881,
      8.881,
      8.881,
      8.881,
      8.881,
      8.881,
      8.881,
      8.881,
      8.881,
      8.881,
      8.881,
      8.881,
      8.881,
      8.881,
      8.881,
      8.881,
      8.881,
      8.881,
      8.881,
      8.881,
      8.881,
      8.881,
      8.881,
      8.881,
      8.881,
      8.881,
      8.881,
      8.881,
      8.881,
      8.881,
      8.881,
      8.881,
      8.881,
      8.881,
      8.881,
      8.881
    ],
    "current": [
      -0.0034570698090874916,
      -0.02133846537333314,
      0.05614758207173133,
      -0.0034570698090874916,
      -0.02133846537333314,
      -0.03921986093757879,
      -0.015378000185251255,
      0.020384790943240038,
      -0.015378000185251255,
      -0.04518032612566067,
      0.02634525613132192,
      0.002503395378994391,
      0.05018711688364945,
      0.05018711688364945,
      0.008463860567076273,
      0.008463860567076273,
      -0.03921986093757879,
      0.06210804725981321,
      0.032305721319403805,
      -0.02729893056141502,
      -0.009417534997169373,
      -0.0034570698090874916,
      -0.009417534997169373,
      0.002503395378994391,
      0.002503395378994391,
      0.002503395378994391,
      0.008463860567076273,
      0.07402897763597698,
      -0.015378000185251255,
      -0.02133846537333314,
      0.002503395378994391,
      0.014424325755158156,
      0.008463860567076273,
      -0.0034570698090874916,
      0.05018711688364945,
      -0.015378000185251255,
      -0.03921986093757879,
      0.02634525613132192,
      -0.02133846537333314,
      -0.02133846537333314,
      0.002503395378994391,
      0.002503395378994391,
      -0.015378000185251255,
      -0.02133846537333314,
      -0.02133846537333314,
      0.06210804725981321,
      0.020384790943240038,
      -0.03921986093757879,
      0.008463860567076273,
      -0.04518032612566067,
      0.020384790943240038,
      -0.02729893056141502,
      -0.05114079131374255,
      0.04422665169556757,
      0.002503395378994391,
      0.032305721319403805,
      0.002503395378994391,
      0.008463860567076273,
      0.002503395378994391,
      0.008463860567076273,
      0.05614758207173133,
      -0.015378000185251255,
      -0.02729893056141502,
      -0.015378000185251255,
      0.002503395378994391,
      -0.0034570698090874916,
      -0.009417534997169373,
      0.008463860567076273,
      0.020384790943240038,
      0.008463860567076273,
      -0.0034570698090874916,
      -0.009417534997169373,
      0.014424325755158156,
      0.038266186507485686,
      -0.0034570698090874916,
      0.014424325755158156,
      -0.015378000185251255,
      0.038266186507485686,
      -0.0034570698090874916,
      0.04422665169556757,
      0.02634525613132192,
      0.002503395378994391,
      -0.033259395749496906,
      0.038266186507485686,
      0.06210804725981321,
      -0.02729893056141502,
      0.002503395378994391,
      0.014424325755158156,
      -0.015378000185251255,
      -0.033259395749496906,
      0.020384790943240038,
      0.038266186507485686,
      -0.2061128862038715,
      388.54734761087263,
      387.0155080575356,
      386.0677940926306,
      385.82937548510733,
      385.7459289724742,
      385.6386405990887,
      385.65652199465296,
      385.7995731591669,
      385.79361269397884,
      385.75784990285035,
      385.8114940895431,
      385.8353359502954,
      385.877059206612,
      385.8412964154835,
      385.82937548510733,
      385.88898013698815,
      385.91878246292856,
      385.9724266496213,
      385.81745455473117,
      385.89494060217623,
      385.88898013698815,
      385.94858478886897,
      385.95454525405705,
      385.94858478886897,
      385.9366638584928,
      385.9664661844332,
      385.9366638584928,
      385.9664661844332,
      385.9664661844332,
      385.9962685103736,
      385.95454525405705,
      386.02607083631403,
      385.9962685103736,
      386.02607083631403,
      385.9962685103736,
      387.1764406176138,
      0.002503395378994391,
      0.05614758207173133,
      -0.02729893056141502,
      -0.05114079131374255,
      0.04422665169556757,
      -0.033259395749496906,
      0.04422665169556757,
      0.038266186507485686,
      -0.015378000185251255,
      0.020384790943240038,
      -0.02729893056141502,
      0.008463860567076273,
      -0.04518032612566067,
      0.002503395378994391,
      0.032305721319403805,
      0.038266186507485686,
      0.002503395378994391,
      -0.05710125650182443,
      -0.02133846537333314,
      0.020384790943240038,
      -0.0034570698090874916,
      0.032305721319403805,
      -0.009417534997169373,
      0.038266186507485686
    ],