{
  "weld_number": 19,
  "timestamp": "2025-11-13T18:03:53.308914",
  "energy_joules": 2302.14,
  "peak_current_amps": 2662.0,
  "duration_ms": 97.4,
  "settings": {
    "mode": 1,
    "d1": 40,
    "gap1": 0,
    "d2": 0,
    "gap2": 0,
    "d3": 0,
    "weld_counter": 18
  },
  "data": {
    "voltage": [
      8.883,
      8.883,
      8.883,
      8.883,
      8.883,
      8.883,
      8.883,
      8.883,
      8.883,
      8.883,
      8.883,
      8.883,
      8.883,
      8.883,
      8.883,
      8.883,
      8.883,
      8.883,
      8.883,
      8.883,
      8.883,
      8.883,
      8.883,
      8.883,
      8.883,
      8.883,
      8.883,
      8.883,
      8.883,
      8.883,
      8.883,
      8.883,
      8.883,
      8.883,
      8.883,
      8.883,
      8.883,
      8.883,
      8.883,
      8.883,
      8.883,
      8.883,
      8.883
    ],
    "current": [
      2661.951614996329,
      2661.9474281329776,
      2661.9470094466424,
      2661.9424038969555,
      2661.9398917789445,
      2661.9373796609334,
      2661.9419852106203,
      2661.9415665242855,
      2661.94114783795,
      2661.9377983472687,
      2661.9398917789445,
      2661.9377983472687,
      2661.9365422882634,
      2661.6417871083086,
      2661.6396936766328,
      2661.640112362968,
      2661.636762872287,
      2661.6384376176275,
      2661.6392749902975,
      2661.644717912655,
      2661.637600244957,
      2661.642205794644,
      2661.6405310493033,
      2661.6405310493033,
      2661.6405310493033,
      2661.6405310493033,
      2661.636762872287,
      2661.636762872287,
      2661.6405310493033,
      2661.6405310493033,
      2661.6359254996164,
      2661.640112362968,
      2661.6417871083086,
      2661.640112362968,
      2661.638018931292,
      2661.640112362968,
      2661.6413684219733,
      2661.636762872287,
      2661.635506813281,
      2661.6409497356385,
      2661.6384376176275,
      2661.6384376176275,
      2661.6388563039627
    ],
    "timestamps": [
      0.0008859634399414062,
      0.003113269805908203,
      0.005308628082275391,
      0.00751948356628418,
      0.009741783142089844,
      0.011871337890625,
      0.013966083526611328,
      0.016057491302490234,
      0.018147706985473633,
      0.02023935317993164,
      0.022324800491333008,
      0.024461030960083008,
      0.026628494262695312,
      0.028786420822143555,
      0.030934810638427734,
      0.03325772285461426,
      0.03587508201599121,
      0.03848409652709961,
      0.04202151298522949,
      0.04453253746032715,
      0.04732084274291992,
      0.04976463317871094,
      0.052208900451660156,
      0.05464434623718262,
      0.05704522132873535,
      0.05922198295593262,
      0.06132793426513672,
      0.06347799301147461,
      0.06560778617858887,
      0.0676274299621582,
      0.07002854347229004,
      0.07243537902832031,
      0.07484221458435059,
      0.0772256851196289,
      0.07972478866577148,
      0.08217239379882812,
      0.08460187911987305,
      0.08674931526184082,
      0.08892226219177246,
      0.09134316444396973,
      0.0940086841583252,
      0.09605169296264648,
      0.0982522964477539
    ]
  }
}