{
  "weld_number": 15,
  "timestamp": "2025-11-13T17:35:58.772693",
  "energy_joules": 1521.39,
  "peak_current_amps": 2661.9,
  "duration_ms": 65.6,
  "settings": {
    "mode": 1,
    "d1": 40,
    "gap1": 0,
    "d2": 0,
    "gap2": 0,
    "d3": 0
  },
  "data": {
    "voltage": [
      8.717,
      8.717,
      8.717,
      8.717
    ],
    "current": [
      2661.9319367385765,
      2661.6392749902975,
      2661.6384376176275,
      2661.6384376176275
    ],
    "timestamps": [
      0.0015978813171386719,
      0.02385091781616211,
      0.045770883560180664,
      0.0671696662902832
    ]
  }
}