{
  "weld_number": 18,
  "timestamp": "2025-11-13T18:00:20.213782",
  "energy_joules": 2306.24,
  "peak_current_amps": 2662.0,
  "duration_ms": 97.5,
  "settings": {
    "mode": 1,
    "d1": 40,
    "gap1": 0,
    "d2": 0,
    "gap2": 0,
    "d3": 0,
    "weld_counter": 17
  },
  "data": {
    "voltage": [
      8.884,
      8.884,
      8.884,
      8.884,
      8.884,
      8.884,
      8.884,
      8.884,
      8.884,
      8.884,
      8.884,
      8.884,
      8.884,
      8.884,
      8.884,
      8.884,
      8.884,
      8.884,
      8.884,
      8.884,
      8.884,
      8.884,
      8.884,
      8.884,
      8.884,
      8.884,
      8.884,
      8.884,
      8.884,
      8.884,
      8.884,
      8.884,
      8.884,
      8.884,
      8.884,
      8.884,
      8.884,
      8.884,
      8.884,
      8.884,
      8.884,
      8.884,
      8.884,
      8.884,
      8.884,
      8.884,
      8.884,
      8.884,
      8.884,
      8.884,
      8.884,
      8.884,
      8.884,
      8.884
    ],
    "current": [
      2661.9503589373235,
      2661.9470094466424,
      2661.9503589373235,
      2661.9482655056477,
      2661.944078642296,
      2661.9419852106203,
      2661.944078642296,
      2661.9449160149666,
      2661.939473092609,
      2661.940729151615,
      2661.94114783795,
      2661.9377983472687,
      2661.936123601928,
      2661.9398917789445,
      2661.9390544062744,
      2661.9377983472687,
      2661.9340301702523,
      2661.6405310493033,
      2661.6409497356385,
      2661.6396936766328,
      2661.6409497356385,
      2661.6392749902975,
      2661.6388563039627,
      2661.636762872287,
      2661.6371815586217,
      2661.635506813281,
      2661.6392749902975,
      2661.638018931292,
      2661.635506813281,
      2661.6359254996164,
      2661.6371815586217,
      2661.6396936766328,
      2661.6388563039627,
      2661.6413684219733,
      2661.6371815586217,
      2661.634250754276,
      2661.6405310493033,
      2661.6417871083086,
      2661.638018931292,
      2661.637600244957,
      2661.640112362968,
      2661.6405310493033,
      2661.6388563039627,
      2661.6396936766328,
      2661.6388563039627,
      2661.6388563039627,
      2661.635506813281,
      2661.6363441859517,
      2661.638018931292,
      2661.6384376176275,
      2661.6396936766328,
      2661.6409497356385,
      2661.642205794644,
      2661.6396936766328
    ],
    "timestamps": [
      0.0006561279296875,
      0.0023076534271240234,
      0.004010677337646484,
      0.006239652633666992,
      0.007914066314697266,
      0.009610176086425781,
      0.01127004623413086,
      0.012925386428833008,
      0.014800786972045898,
      0.016953706741333008,
      0.019027233123779297,
      0.021122217178344727,
      0.023179292678833008,
      0.025237560272216797,
      0.027194738388061523,
      0.029267311096191406,
      0.03132939338684082,
      0.03337883949279785,
      0.03544425964355469,
      0.03750300407409668,
      0.03954744338989258,
      0.04186654090881348,
      0.04395699501037598,
      0.04603171348571777,
      0.04802441596984863,
      0.0499882698059082,
      0.051931142807006836,
      0.0538637638092041,
      0.055806636810302734,
      0.05774283409118652,
      0.05967545509338379,
      0.06177639961242676,
      0.06351232528686523,
      0.06556844711303711,
      0.06723904609680176,
      0.06890249252319336,
      0.07055449485778809,
      0.07224106788635254,
      0.07390165328979492,
      0.07554936408996582,
      0.07719659805297852,
      0.07884502410888672,
      0.08057475090026855,
      0.08246469497680664,
      0.08426189422607422,
      0.08581399917602539,
      0.08736729621887207,
      0.08890628814697266,
      0.09043645858764648,
      0.09197139739990234,
      0.09353375434875488,
      0.09509158134460449,
      0.09664177894592285,
      0.09818434715270996
    ]
  }
}