{
  "weld_number": 28,
  "timestamp": "2025-11-13T18:59:02.604365",
  "energy_joules": 118.11,
  "peak_current_amps": 386.3,
  "duration_ms": 45.2,
  "settings": {
    "mode": 1,
    "d1": 40,
    "gap1": 0,
    "d2": 0,
    "gap2": 0,
    "d3": 0,
    "weld_counter": 27
  },
  "data": {
    "voltage": [
      8.88,
      8.88,
      8.88,
      8.88,
      8.88,
      8.88,
      8.88,
      8.88,
      8.88,
      8.88,
      8.88,
      8.88,
      8.88,
      8.88,
      8.88,
      8.88,
      8.88,
      8.88,
      8.88,
      8.88,
      8.88
    ],
    "current": [
      385.890574561426,
      385.96210014368296,
      386.0217047955638,
      386.0157443303757,
      386.111111773385,
      386.06938851706843,
      386.15879549488966,
      386.1170722385731,
      386.1468745645135,
      386.19455828601815,
      386.18859782083007,
      386.2184001467705,
      386.22436061195856,
      386.26608386827513,
      386.28992572902746,
      386.33164898534403,
      -0.02570450612360312,
      -0.0018626453712755882,
      -0.05550683206401253,
      0.027939680569133825,
      -0.007823110559357471
    ],
    "timestamps": [
      0.0009698867797851562,
      0.003200054168701172,
      0.0057828426361083984,
      0.008235454559326172,
      0.01069188117980957,
      0.013097524642944336,
      0.015503406524658203,
      0.017889976501464844,
      0.020072460174560547,
      0.022188425064086914,
      0.024326086044311523,
      0.026300907135009766,
      0.028316974639892578,
      0.030292510986328125,
      0.03231453895568848,
      0.03435873985290527,
      0.036473751068115234,
      0.038542747497558594,
      0.04160451889038086,
      0.04381871223449707,
      0.04618024826049805
    ]
  }
}