{
  "weld_number": 36,
  "timestamp": "2025-11-16T00:10:03.220166",
  "energy_joules": 0.0,
  "peak_current_amps": 2.8,
  "duration_ms": 86.6,
  "settings": {
    "mode": 1,
    "d1": 75,
    "gap1": 0,
    "d2": 0,
    "gap2": 0,
    "d3": 0,
    "weld_counter": 35
  },
  "data": {
    "voltage": [
      8.869,
      8.869,
      8.869,
      8.869,
      8.869,
      8.869,
      8.869,
      8.869,
      8.869,
      8.869,
      8.869,
      8.869,
      8.869,
      8.869,
      8.869,
      8.869,
      8.869,
      8.869,
      8.869,
      8.869,
      8.869,
      8.869,
      8.869,
      8.869,
      8.869,
      8.869,
      8.869,
      8.869,
      8.869,
      8.869,
      8.869,
      8.869,
      8.869,
      8.869,
      8.869,
      8.869,
      8.869,
      8.869,
      8.869,
      8.869,
      8.869,
      8.869,
      8.869,
      8.869,
      8.869,
      8.869,
      8.869,
      8.869,
      8.869,
      8.869,
      8.869,
      8.869,
      8.869,
      8.869,
      8.869,
      8.869,
      8.869,
      8.869,
      8.869,
      8.869,
      8.869,
      8.869,
      8.869,
      8.869,
      8.869,
      8.869,
      8.869,
      8.869,
      8.869,
      8.869,
      8.869,
      8.869,
      8.869,
      8.869,
      8.869,
      8.869,
      8.869,
      8.869,
      8.869,
      8.869,
      8.869,
      8.869,
      8.869,
      8.869,
      8.869,
      8.869,
      8.869,
      8.869,
      8.869,
      8.869,
      8.869,
      8.869,
      8.869,
      8.869,
      8.869,
      8.869,
      8.869,
      8.869,
      8.869,
      8.869,
      8.869,
      8.869,
      8.869
    ],
    "current": [
      0.248372584387372,
      -0.03176927945247631,
      -1.4324785986517188,
      1.4345051568156666,
      -1.4861227853444556,
      -1.3013483645139172,
      -0.45496230780628993,
      -0.01984834907631271,
      0.4927516570987295,
      1.3868214353110122,
      -0.09137393133329537,
      1.5835167865177138,
      -0.4966855641228631,
      -1.0927320829310516,
      -0.7768274279627119,
      1.4047028308752576,
      0.36758188814900955,
      -0.5443692856275185,
      1.0768772455307534,
      -1.2894274341377536,
      1.1245609670354089,
      -0.2761483521638338,
      -0.6993413805176475,
      0.6656051475531038,
      0.3437400273966824,
      -1.319229760078163,
      0.8682609639478882,
      0.9278656158287062,
      0.8086563120670691,
      -1.2477041778211804,
      0.21260979325888066,
      0.15300514137806215,
      0.9278656158287062,
      -0.6397367286368284,
      0.5642772393557122,
      -1.3013483645139172,
      1.2497307359851286,
      0.3377795622086006,
      -0.31191114329232517,
      1.1007191062830817,
      0.003993511676015022,
      -0.06753207058096763,
      -1.3669134815828181,
      -1.0569692918025602,
      0.3139377014562723,
      -0.8721948709720218,
      0.37950281852517315,
      0.6060004956722848,
      0.111281885061489,
      -0.9675623139813322,
      -0.1271367224617867,
      1.3450981789944385,
      -0.7172227760818929,
      1.0172725936499354,
      -0.37747626036122545,
      -0.6278157982606648,
      1.6908051599031872,
      0.19472839769463526,
      0.8921028247002154,
      -1.1702181303761159,
      0.18280746731847114,
      -0.1271367224617867,
      -1.3073088297019995,
      -1.5338065068491111,
      0.46294933115831943,
      0.5583167741676304,
      -0.7231832412699747,
      0.3079772362681905,
      -0.5682111463798457,
      1.4762284131322403,
      0.2781749103277815,
      0.42122607484174684,
      -0.9079576621005131,
      -1.5576483676014383,
      -1.5457274372252747,
      1.1245609670354089,
      0.18280746731847114,
      -1.0688902221787238,
      0.6954074734935128,
      -0.9198785924766767,
      -0.4966855641228631,
      0.9993911980856889,
      0.4748702615344841,
      -0.03772974464055811,
      -0.06753207058096763,
      -0.6754995197653197,
      -0.43708091224204454,
      -0.669539054577238,
      -0.5503297508156003,
      0.600040030484203,
      -0.33575300404465236,
      -0.4728437033705359,
      2.83521447601491,
      -0.925839057664759,
      -0.09137393133329537,
      -0.5741716115679275,
      -0.3953576559254714,
      0.6238818912365313,
      -0.43708091224204454,
      0.904023755076379,
      -1.426518133463637,
      1.2556912011732104,
      -0.21058323509493296
    ],
    "timestamps": [
      -0.004847526550292969,
      -0.004367828369140625,
      -0.0038831233978271484,
      -0.0034041404724121094,
      -0.0029294490814208984,
      -0.002453327178955078,
      -0.001978635787963867,
      -0.0014996528625488281,
      -0.0007832050323486328,
      -0.00020694732666015625,
      0.0015671253204345703,
      0.0024843215942382812,
      0.003302335739135742,
      0.0043430328369140625,
      0.005142688751220703,
      0.006239891052246094,
      0.007025957107543945,
      0.007956266403198242,
      0.008819580078125,
      0.009695291519165039,
      0.010514259338378906,
      0.011322021484375,
      0.012151002883911133,
      0.013019323348999023,
      0.013816595077514648,
      0.014634847640991211,
      0.01548624038696289,
      0.016477584838867188,
      0.017294883728027344,
      0.01811695098876953,
      0.018924236297607422,
      0.019815444946289062,
      0.02068018913269043,
      0.021645784378051758,
      0.02244424819946289,
      0.0233001708984375,
      0.02416825294494629,
      0.02496814727783203,
      0.02578282356262207,
      0.026642322540283203,
      0.02781200408935547,
      0.028736114501953125,
      0.029558181762695312,
      0.03045368194580078,
      0.03131818771362305,
      0.03221321105957031,
      0.03303813934326172,
      0.03385567665100098,
      0.034670352935791016,
      0.03547406196594238,
      0.03631162643432617,
      0.037113189697265625,
      0.038013458251953125,
      0.03914642333984375,
      0.03994250297546387,
      0.0407719612121582,
      0.04163932800292969,
      0.0424342155456543,
      0.043187618255615234,
      0.0439915657043457,
      0.044892311096191406,
      0.04570770263671875,
      0.0465092658996582,
      0.04746198654174805,
      0.048357486724853516,
      0.04917573928833008,
      0.050043582916259766,
      0.05089831352233887,
      0.05176734924316406,
      0.05265212059020996,
      0.05340433120727539,
      0.054175615310668945,
      0.054913997650146484,
      0.05602622032165527,
      0.056951045989990234,
      0.05782437324523926,
      0.05867171287536621,
      0.05947136878967285,
      0.060339927673339844,
      0.06123709678649902,
      0.06205582618713379,
      0.06286144256591797,
      0.0636603832244873,
      0.0645599365234375,
      0.06545567512512207,
      0.06627178192138672,
      0.06723546981811523,
      0.0681610107421875,
      0.06903433799743652,
      0.0698392391204834,
      0.07072854042053223,
      0.07167911529541016,
      0.07259225845336914,
      0.07348489761352539,
      0.0743410587310791,
      0.07514739036560059,
      0.07624483108520508,
      0.0770564079284668,
      0.07824110984802246,
      0.07910752296447754,
      0.07996773719787598,
      0.08082175254821777,
      0.08179855346679688
    ]
  }
}