{
  "weld_number": 48,
  "timestamp": "2025-11-14T16:08:53.582749",
  "energy_joules": 0.06,
  "peak_current_amps": 0.1,
  "duration_ms": 381.5,
  "settings": {
    "mode": 1,
    "d1": 100,
    "gap1": 0,
    "d2": 0,
    "gap2": 0,
    "d3": 0,
    "weld_counter": 47
  },
  "data": {
    "voltage": [
      8.873,
      8.873,
      8.873,
      8.873,
      8.873,
      8.873,
      8.873,
      8.873,
      8.873,
      8.873,
      8.873,
      8.873,
      8.873,
      8.873,
      8.873,
      8.873,
      8.873,
      8.873,
      8.873,
      8.873,
      8.873,
      8.873,
      8.873,
      8.873,
      8.873,
      8.873,
      8.873,
      8.873,
      8.873,
      8.873,
      8.873,
      8.873,
      8.873,
      8.873,
      8.873,
      8.873,
      8.873,
      8.873,
      8.873,
      8.873,
      8.873,
      8.873,
      8.873,
      8.873,
      8.873,
      8.873,
      8.873,
      8.873,
      8.873,
      8.873,
      8.873,
      8.873,
      8.873,
      8.873,
      8.873,
      8.873,
      8.873,
      8.873,
      8.873,
      8.873,
      8.873,
      8.873,
      8.873,
      8.873,
      8.873,
      8.873,
      8.873,
      8.873,
      8.873,
      8.873,
      8.872,
      8.872,
      8.872,
      8.872,
      8.872,
      8.872,
      8.872,
      8.872,
      8.872,
      8.872,
      8.872,
      8.872,
      8.872,
      8.872,
      8.872,
      8.872,
      8.872,
      8.872,
      8.872,
      8.872,
      8.872,
      8.872,
      8.872,
      8.872,
      8.872,
      8.872,
      8.872,
      8.872,
      8.872,
      8.872,
      8.872
    ],
    "current": [
      -0.020265581639478402,
      -0.008344651263314636,
      -0.04410744239180593,
      0.06318093099366795,
      0.08702279174599548,
      -0.06794930314413346,
      -0.056028372767969695,
      0.06318093099366795,
      -0.008344651263314636,
      0.07510186136983171,
      -0.07987023352029722,
      0.08702279174599548,
      -0.06794930314413346,
      0.07510186136983171,
      -0.03218651201564217,
      0.06318093099366795,
      0.08702279174599548,
      0.06318093099366795,
      0.06318093099366795,
      0.0035762791128491293,
      0.0035762791128491293,
      0.027418139865176657,
      0.06318093099366795,
      0.015497209489012894,
      0.09894372212215925,
      0.039339070241340424,
      0.0035762791128491293,
      0.039339070241340424,
      0.06318093099366795,
      -0.04410744239180593,
      -0.04410744239180593,
      -0.16331674615344358,
      -0.04410744239180593,
      -0.020265581639478402,
      -0.020265581639478402,
      0.06318093099366795,
      -0.008344651263314636,
      0.039339070241340424,
      0.06318093099366795,
      0.11086465249832302,
      0.027418139865176657,
      -0.020265581639478402,
      -0.06794930314413346,
      0.07510186136983171,
      -0.020265581639478402,
      0.039339070241340424,
      0.07510186136983171,
      0.0035762791128491293,
      0.027418139865176657,
      -0.008344651263314636,
      0.039339070241340424,
      -0.008344651263314636,
      0.08702279174599548,
      -0.06794930314413346,
      0.07510186136983171,
      0.09894372212215925,
      0.0035762791128491293,
      0.015497209489012894,
      0.039339070241340424,
      0.027418139865176657,
      0.039339070241340424,
      0.09894372212215925,
      -0.008344651263314636,
      -0.07987023352029722,
      0.027418139865176657,
      -0.008344651263314636,
      -0.020265581639478402,
      -0.008344651263314636,
      0.07510186136983171,
      0.11086465249832302,
      0.06318093099366795,
      0.0035762791128491293,
      0.015497209489012894,
      0.027418139865176657,
      -0.020265581639478402,
      0.027418139865176657,
      0.0035762791128491293,
      -0.11563302464878852,
      -0.020265581639478402,
      0.015497209489012894,
      0.05126000061750419,
      0.027418139865176657,
      0.14662744362681432,
      -0.10371209427262476,
      -0.06794930314413346,
      -0.020265581639478402,
      -0.020265581639478402,
      -0.008344651263314636,
      -0.07987023352029722,
      -0.008344651263314636,
      -0.020265581639478402,
      -0.10371209427262476,
      0.06318093099366795,
      0.027418139865176657,
      -0.04410744239180593,
      -0.020265581639478402,
      0.015497209489012894,
      0.039339070241340424,
      -0.056028372767969695,
      0.015497209489012894,
      0.039339070241340424
    ],
    "timestamps": [
      -0.24805808067321777,
      -0.24786806106567383,
      -0.24588751792907715,
      -0.24237799644470215,
      -0.24046039581298828,
      -0.22997689247131348,
      -0.22258234024047852,
      -0.2223823070526123,
      -0.22223806381225586,
      -0.22203540802001953,
      -0.21732163429260254,
      -0.217149019241333,
      -0.21333885192871094,
      -0.21169710159301758,
      -0.2083122730255127,
      -0.20659232139587402,
      -0.20396661758422852,
      -0.2037973403930664,
      -0.20144414901733398,
      -0.19880414009094238,
      -0.19719171524047852,
      -0.1951584815979004,
      -0.1913585662841797,
      -0.1903831958770752,
      -0.18891549110412598,
      -0.18639636039733887,
      -0.18402099609375,
      -0.17858552932739258,
      -0.16879558563232422,
      -0.1625962257385254,
      -0.16087579727172852,
      -0.1607069969177246,
      -0.15783905982971191,
      -0.1557629108428955,
      -0.15235495567321777,
      -0.1521003246307373,
      -0.14765381813049316,
      -0.1474609375,
      -0.14596199989318848,
      -0.14361238479614258,
      -0.1411759853363037,
      -0.13962864875793457,
      -0.1381535530090332,
      -0.13596391677856445,
      -0.13358783721923828,
      -0.1316390037536621,
      -0.12644457817077637,
      -0.12397599220275879,
      -0.12325882911682129,
      -0.12167811393737793,
      -0.12148261070251465,
      -0.11497735977172852,
      -0.11375093460083008,
      -0.11357426643371582,
      -0.11266851425170898,
      -0.11015629768371582,
      -0.1099538803100586,
      -0.10549807548522949,
      -0.10157561302185059,
      -0.1000051498413086,
      -0.09475564956665039,
      -0.09456181526184082,
      -0.09236812591552734,
      -0.09059023857116699,
      -0.08958220481872559,
      -0.08795714378356934,
      -0.08278059959411621,
      -0.07796239852905273,
      -0.07564043998718262,
      -0.07409214973449707,
      -0.06480789184570312,
      -0.05961799621582031,
      -0.05788731575012207,
      -0.0562441349029541,
      -0.05395364761352539,
      -0.05116462707519531,
      -0.050992727279663086,
      -0.04544878005981445,
      -0.045278072357177734,
      -0.042260169982910156,
      -0.04203176498413086,
      -0.040615081787109375,
      -0.039588212966918945,
      -0.03274869918823242,
      -0.03032541275024414,
      -0.028483152389526367,
      -0.028116941452026367,
      -0.024616003036499023,
      -0.023212194442749023,
      -0.022991180419921875,
      -0.022817373275756836,
      -0.016726016998291016,
      -0.014622688293457031,
      -0.0130767822265625,
      -0.010476827621459961,
      -0.007834911346435547,
      -0.0032961368560791016,
      -0.0019731521606445312,
      -0.0018002986907958984,
      -0.0007457733154296875,
      0.13339710235595703
    ]
  }
}