{
  "weld_number": 32,
  "timestamp": "2025-11-14T10:42:26.422974",
  "energy_joules": 92.52,
  "peak_current_amps": 778.4,
  "duration_ms": 36.4,
  "settings": {
    "mode": 1,
    "d1": 15,
    "gap1": 0,
    "d2": 0,
    "gap2": 0,
    "d3": 0
  },
  "data": {
    "voltage": [
      8.883,
      8.883,
      8.883,
      8.883,
      8.883,
      8.883,
      8.883,
      8.883,
      8.883,
      8.883,
      8.883,
      8.883,
      8.883,
      8.883,
      8.883,
      8.883,
      8.883,
      8.883,
      8.883,
      8.883,
      8.883,
      8.883,
      8.883,
      8.883,
      8.883,
      8.883,
      8.883,
      8.883,
      8.883,
      8.883,
      8.883,
      8.883,
      8.883,
      8.883,
      8.883,
      8.883,
      8.883,
      8.883,
      8.883,
      8.883,
      8.883,
      8.883,
      8.883,
      8.883,
      8.883,
      8.883,
      8.883,
      8.883,
      8.883,
      8.883,
      8.883,
      8.883,
      8.883,
      8.883,
      8.883,
      8.883,
      8.883,
      8.883,
      8.883,
      8.883,
      8.883,
      8.883,
      8.883,
      8.883,
      8.883,
      8.883,
      8.883,
      8.883,
      8.883,
      8.883,
      8.883,
      8.883,
      8.883,
      8.883,
      8.883,
      8.883,
      8.883,
      8.883,
      8.883,
      8.883,
      8.883,
      8.883,
      8.883,
      8.883,
      8.883,
      8.883,
      8.883,
      8.883,
      8.883,
      8.883,
      8.883,
      8.883,
      8.883,
      8.883,
      8.883,
      8.883,
      8.883,
      8.883,
      8.883,
      8.883,
      8.883,
      8.883,
      8.883,
      8.883,
      8.883,
      8.883,
      8.883,
      8.883,
      8.883,
      8.883,
      8.883,
      8.883,
      8.883,
      8.883
    ],
    "current": [
      0.05769730302063262,
      -0.0376701399886775,
      -0.04959107036484126,
      0.021934511892141326,
      0.045776372644468856,
      0.11730195490145144,
      -0.0019073488601862034,
      0.045776372644468856,
      -0.08535386149333256,
      -0.0376701399886775,
      -0.10919572224566008,
      -0.08535386149333256,
      -0.12111665262182385,
      0.15306474602994274,
      -0.013828279236349968,
      0.03385544226830509,
      -0.0019073488601862034,
      -0.013828279236349968,
      -0.08535386149333256,
      0.05769730302063262,
      0.021934511892141326,
      0.05769730302063262,
      0.08153916377296015,
      -0.025749209612513733,
      -0.013828279236349968,
      -0.0019073488601862034,
      0.021934511892141326,
      0.05769730302063262,
      0.03385544226830509,
      -0.0376701399886775,
      -0.013828279236349968,
      0.03385544226830509,
      0.045776372644468856,
      0.021934511892141326,
      0.03385544226830509,
      -0.061512000741005025,
      0.045776372644468856,
      0.06961823339679639,
      -0.04959107036484126,
      -0.061512000741005025,
      0.06961823339679639,
      -0.013828279236349968,
      0.03385544226830509,
      0.03385544226830509,
      0.08153916377296015,
      -0.013828279236349968,
      0.010013581515977562,
      -0.08535386149333256,
      -0.0734329311171688,
      778.3990834235051,
      775.1446694308124,
      773.2730833617547,
      772.8320089378367,
      772.8320089378367,
      772.7604833555797,
      772.7366414948274,
      772.7008787036989,
      772.8439298682129,
      772.8320089378367,
      772.8200880074605,
      772.7008787036989,
      772.8200880074605,
      772.8916135897175,
      772.9154554504698,
      773.0227438238553,
      772.9154554504698,
      772.855850798589,
      772.8081670770844,
      772.7247205644512,
      772.6055112606896,
      772.712799634075,
      772.6770368429466,
      772.7247205644512,
      772.7008787036989,
      772.6174321910657,
      772.7485624252035,
      772.712799634075,
      772.7485624252035,
      772.8200880074605,
      772.6770368429466,
      772.6770368429466,
      772.7247205644512,
      772.7485624252035,
      772.6770368429466,
      772.7604833555797,
      772.7008787036989,
      772.7485624252035,
      772.7962461467082,
      772.8439298682129,
      772.7485624252035,
      772.7604833555797,
      772.7008787036989,
      772.784325216332,
      772.8200880074605,
      772.7724042859559,
      772.7485624252035,
      772.712799634075,
      772.7604833555797,
      772.7366414948274,
      772.855850798589,
      -0.04959107036484126,
      0.010013581515977562,
      -0.013828279236349968,
      -0.08535386149333256,
      0.09346009414912392,
      0.05769730302063262,
      -0.0019073488601862034,
      0.045776372644468856,
      0.010013581515977562,
      -0.025749209612513733,
      -0.025749209612513733,
      -0.04959107036484126,
      0.10538102452528768,
      0.06961823339679639
    ],