{
  "weld_number": 21,
  "timestamp": "2025-11-14T09:54:48.392630",
  "energy_joules": -0.0,
  "peak_current_amps": 0.1,
  "duration_ms": 51.0,
  "settings": {
    "mode": 1,
    "d1": 40,
    "gap1": 0,
    "d2": 0,
    "gap2": 0,
    "d3": 0,
    "weld_counter": 20
  },
  "data": {
    "voltage": [
      8.886,
      8.886,
      8.886,
      8.886,
      8.886,
      8.886,
      8.886,
      8.886,
      8.886,
      8.886,
      8.886,
      8.886,
      8.886,
      8.886,
      8.886,
      8.886,
      8.886,
      8.886,
      8.886,
      8.886,
      8.886,
      8.886,
      8.886,
      8.886,
      8.886,
      8.886,
      8.886,
      8.886,
      8.886,
      8.886,
      8.886,
      8.886,
      8.886,
      8.886,
      8.886,
      8.886,
      8.886,
      8.886,
      8.886,
      8.886,
      8.886,
      8.886,
      8.886,
      8.886,
      8.886,
      8.886,
      8.886,
      8.886,
      8.886,
      8.886,
      8.886,
      8.886,
      8.886,
      8.886,
      8.886,
      8.886,
      8.886,
      8.886,
      8.886,
      8.886,
      8.886,
      8.886,
      8.886,
      8.886,
      8.886,
      8.886,
      8.886,
      8.886,
      8.886,
      8.886,
      8.886,
      8.886,
      8.886,
      8.886
    ],
    "current": [
      0.04005432606391025,
      0.04005432606391025,
      0.004291534935418955,
      -0.007629395440744809,
      0.01621246531158272,
      0.010252000123500835,
      -0.007629395440744809,
      -0.025510791004990457,
      0.010252000123500835,
      0.022172930499664602,
      -0.019550325816908576,
      0.01621246531158272,
      -0.049352651757317983,
      -0.01358986062882669,
      0.028133395687746487,
      -0.01358986062882669,
      0.022172930499664602,
      0.022172930499664602,
      -0.007629395440744809,
      -0.001668930252662927,
      0.01621246531158272,
      -0.025510791004990457,
      -0.025510791004990457,
      -0.001668930252662927,
      0.028133395687746487,
      -0.0433921865692361,
      -0.049352651757317983,
      -0.001668930252662927,
      0.06389618681623778,
      -0.025510791004990457,
      -0.001668930252662927,
      -0.025510791004990457,
      0.004291534935418955,
      0.010252000123500835,
      -0.03743172138115422,
      -0.025510791004990457,
      -0.049352651757317983,
      -0.01358986062882669,
      0.06389618681623778,
      -0.03147125619307234,
      -0.019550325816908576,
      0.06985665200431966,
      0.028133395687746487,
      0.04005432606391025,
      0.004291534935418955,
      0.004291534935418955,
      -0.01358986062882669,
      0.051975256440074016,
      -0.019550325816908576,
      -0.019550325816908576,
      0.046014791251992135,
      -0.06723404732156363,
      -0.019550325816908576,
      -0.0433921865692361,
      -0.007629395440744809,
      -0.019550325816908576,
      0.028133395687746487,
      0.04005432606391025,
      0.03409386087582837,
      -0.001668930252662927,
      -0.019550325816908576,
      0.01621246531158272,
      0.01621246531158272,
      -0.025510791004990457,
      0.046014791251992135,
      -0.007629395440744809,
      -0.025510791004990457,
      -0.03743172138115422,
      0.010252000123500835,
      0.03409386087582837,
      0.004291534935418955,
      -0.01358986062882669,
      -0.019550325816908576,
      -0.01358986062882669
    ],
    "timestamps": [
      -0.002520322799682617,
      -0.0023360252380371094,
      -0.0022101402282714844,
      -0.0020241737365722656,
      -0.0018990039825439453,
      -0.0017137527465820312,
      -0.0015878677368164062,
      -0.0010895729064941406,
      -0.00034880638122558594,
      -6.67572021484375e-05,
      0.0009992122650146484,
      0.001983165740966797,
      0.0025835037231445312,
      0.0032835006713867188,
      0.003991842269897461,
      0.004640102386474609,
      0.005392551422119141,
      0.006221294403076172,
      0.006844282150268555,
      0.007093191146850586,
      0.008411884307861328,
      0.008987188339233398,
      0.009812593460083008,
      0.010650634765625,
      0.010910987854003906,
      0.012213945388793945,
      0.012809276580810547,
      0.013754129409790039,
      0.014331817626953125,
      0.015184164047241211,
      0.01585674285888672,
      0.016487836837768555,
      0.017352819442749023,
      0.018100976943969727,
      0.018663644790649414,
      0.018915653228759766,
      0.02007460594177246,
      0.02035832405090332,
      0.021566390991210938,
      0.02227640151977539,
      0.023119688034057617,
      0.023808002471923828,
      0.024486064910888672,
      0.02587747573852539,
      0.026479482650756836,
      0.027027368545532227,
      0.027271032333374023,
      0.028420448303222656,
      0.02926158905029297,
      0.029901742935180664,
      0.031050443649291992,
      0.03180503845214844,
      0.0327763557434082,
      0.03400158882141113,
      0.03457450866699219,
      0.03512716293334961,
      0.03571581840515137,
      0.03601670265197754,
      0.036795854568481445,
      0.03781437873840332,
      0.03804969787597656,
      0.0391230583190918,
      0.039359331130981445,
      0.040155649185180664,
      0.04111742973327637,
      0.041452646255493164,
      0.042784929275512695,
      0.04317808151245117,
      0.04474902153015137,
      0.045064687728881836,
      0.04626035690307617,
      0.04639577865600586,
      0.047425031661987305,
      0.048517465591430664
    ]
  }
}