{
  "weld_number": 25,
  "timestamp": "2025-11-13T18:34:30.285221",
  "energy_joules": 0.09,
  "peak_current_amps": 0.3,
  "duration_ms": 47.1,
  "settings": {
    "mode": 1,
    "d1": 40,
    "gap1": 0,
    "d2": 0,
    "gap2": 0,
    "d3": 0,
    "weld_counter": 24
  },
  "data": {
    "voltage": [
      8.884,
      8.884,
      8.884,
      8.884,
      8.884,
      8.884,
      8.884,
      8.884,
      8.884,
      8.884,
      8.884,
      8.884,
      8.884,
      8.884,
      8.884,
      8.884,
      8.884,
      8.884,
      8.884,
      8.884,
      8.884,
      8.884
    ],
    "current": [
      0.3292444668136665,
      0.3200333674400843,
      0.3162651904236189,
      0.3229641717862241,
      0.31877730843459584,
      0.3179399357642702,
      0.31584650408845605,
      0.31249701340715347,
      0.3091475227258509,
      0.31040358173133936,
      0.30747277738519957,
      0.3083101500555252,
      0.3070540910500367,
      0.30537934570938546,
      0.3070540910500367,
      -0.0002616789594767656,
      -0.0002616789594767656,
      -0.0010990516298024155,
      -0.0006803652946395906,
      -0.003611169640779365,
      -0.0002616789594767656,
      0.00015700737568605935
    ],
    "timestamps": [
      0.0012497901916503906,
      0.003889322280883789,
      0.006452322006225586,
      0.009006023406982422,
      0.011192798614501953,
      0.013405084609985352,
      0.015630483627319336,
      0.017781972885131836,
      0.019919395446777344,
      0.02207040786743164,
      0.024231672286987305,
      0.026578903198242188,
      0.028656959533691406,
      0.030793428421020508,
      0.03300929069519043,
      0.035185813903808594,
      0.03734564781188965,
      0.0394282341003418,
      0.04164385795593262,
      0.04403805732727051,
      0.046121835708618164,
      0.04835677146911621
    ]
  }
}