{
  "weld_number": 17,
  "timestamp": "2025-11-13T17:52:16.250862",
  "energy_joules": 2296.9,
  "peak_current_amps": 2662.0,
  "duration_ms": 97.2,
  "settings": {
    "mode": 1,
    "d1": 40,
    "gap1": 0,
    "d2": 0,
    "gap2": 0,
    "d3": 0,
    "weld_counter": 16
  },
  "data": {
    "voltage": [
      8.88,
      8.88,
      8.88,
      8.88,
      8.88,
      8.88,
      8.88,
      8.88,
      8.88,
      8.88,
      8.88,
      8.88,
      8.88,
      8.88,
      8.88,
      8.88,
      8.88,
      8.88,
      8.88,
      8.88,
      8.88,
      8.88,
      8.88,
      8.88,
      8.88,
      8.88,
      8.88,
      8.88,
      8.88,
      8.88,
      8.88,
      8.88,
      8.88,
      8.88,
      8.88,
      8.88,
      8.88,
      8.88,
      8.88,
      8.88,
      8.88,
      8.88,
      8.88,
      8.88,
      8.88,
      8.88,
      8.88,
      8.88
    ],
    "current": [
      2661.953708428005,
      2661.9482655056477,
      2661.9470094466424,
      2661.9444973286313,
      2661.9436599559613,
      2661.943241269626,
      2661.938217033604,
      2661.9436599559613,
      2661.9428225832908,
      2661.940729151615,
      2661.939473092609,
      2661.9344488565876,
      2661.9352862292576,
      2661.9340301702523,
      2661.643461853649,
      2661.642624480979,
      2661.6405310493033,
      2661.6409497356385,
      2661.6396936766328,
      2661.6392749902975,
      2661.6430431673143,
      2661.6405310493033,
      2661.6409497356385,
      2661.636762872287,
      2661.642624480979,
      2661.637600244957,
      2661.640112362968,
      2661.6384376176275,
      2661.6388563039627,
      2661.6396936766328,
      2661.6392749902975,
      2661.6396936766328,
      2661.634669440611,
      2661.6371815586217,
      2661.6413684219733,
      2661.637600244957,
      2661.6363441859517,
      2661.6363441859517,
      2661.6388563039627,
      2661.6417871083086,
      2661.6396936766328,
      2661.6363441859517,
      2661.6396936766328,
      2661.6405310493033,
      2661.636762872287,
      2661.6405310493033,
      2661.6392749902975,
      2661.640112362968
    ],
    "timestamps": [
      0.0009374618530273438,
      0.0031232833862304688,
      0.005463361740112305,
      0.007552146911621094,
      0.009673357009887695,
      0.011827945709228516,
      0.01399993896484375,
      0.01614236831665039,
      0.01822662353515625,
      0.02030348777770996,
      0.02238607406616211,
      0.024364471435546875,
      0.026325225830078125,
      0.028296947479248047,
      0.030436038970947266,
      0.03239107131958008,
      0.03435516357421875,
      0.036316871643066406,
      0.038268327713012695,
      0.04021859169006348,
      0.04279184341430664,
      0.04496502876281738,
      0.04708361625671387,
      0.04921889305114746,
      0.05135703086853027,
      0.05352163314819336,
      0.0555574893951416,
      0.05761146545410156,
      0.0596158504486084,
      0.061662912368774414,
      0.06366252899169922,
      0.06566691398620605,
      0.06770586967468262,
      0.06970643997192383,
      0.07175397872924805,
      0.07390141487121582,
      0.07587838172912598,
      0.07783937454223633,
      0.07986235618591309,
      0.08187007904052734,
      0.08390617370605469,
      0.08592343330383301,
      0.08793306350708008,
      0.08993697166442871,
      0.09193277359008789,
      0.09392952919006348,
      0.09593796730041504,
      0.0981149673461914
    ]
  }
}