{
  "weld_number": 35,
  "timestamp": "2025-11-16T00:00:45.521296",
  "energy_joules": 286.29,
  "peak_current_amps": 1557.5,
  "duration_ms": 86.0,
  "settings": {
    "mode": 1,
    "d1": 75,
    "gap1": 0,
    "d2": 0,
    "gap2": 0,
    "d3": 0,
    "weld_counter": 34
  },
  "data": {
    "voltage": [
      8.87,
      8.87,
      8.87,
      8.87,
      8.87,
      8.87,
      8.87,
      8.87,
      8.87,
      8.87,
      8.87,
      8.87,
      8.87,
      8.87,
      8.87,
      8.87,
      8.87,
      8.87,
      8.87,
      8.87,
      8.87,
      8.87,
      8.87,
      8.87,
      8.87,
      8.87,
      8.87,
      8.87,
      8.87,
      8.87,
      8.87,
      8.87,
      8.87,
      8.87,
      8.87,
      8.87,
      8.87,
      8.87,
      8.87,
      8.87,
      8.87,
      8.87,
      8.87,
      8.87,
      8.87,
      8.87,
      8.87,
      8.87,
      8.87,
      8.87,
      8.87,
      8.87,
      8.87,
      8.87,
      8.87,
      8.87,
      8.87,
      8.87,
      8.87,
      8.87,
      8.87,
      8.87,
      8.87,
      8.87,
      8.87,
      8.87,
      8.87,
      8.87,
      8.87,
      8.87,
      8.87,
      8.87,
      8.87,
      8.87,
      8.87,
      8.87,
      8.87,
      8.87,
      8.87,
      8.87,
      8.87,
      8.87,
      8.87,
      8.87,
      8.87,
      8.87,
      8.87,
      8.87,
      8.87,
      8.87,
      8.87,
      8.87,
      8.87,
      8.87,
      8.87,
      8.87,
      8.87,
      8.87,
      8.87,
      8.87,
      8.87,
      8.87,
      8.87
    ],
    "current": [
      -1.1227132228271033,
      -0.3299713528122128,
      -0.431299261009605,
      0.09322167554160084,
      0.14686586223433756,
      266.1385853455764,
      1096.2644930201166,
      1176.1049242144732,
      1193.1935779087041,
      1200.6083966026779,
      1204.8045640950875,
      1202.5634291843687,
      1200.5785942767375,
      1198.9096640240746,
      1196.895026790503,
      1193.5154430288605,
      1192.4962034816986,
      1189.5100104224693,
      1186.7741569011398,
      1184.1336708228196,
      1182.0832707981194,
      1180.2832103113185,
      1177.6486846981863,
      1176.0691614233447,
      1173.0710474337395,
      1172.0637288169537,
      1167.41456597025,
      1557.5448939257733,
      1165.3224426892332,
      1162.4435380033897,
      1162.538905446399,
      1159.421582153032,
      1156.94202863479,
      1154.9989169834753,
      1152.6802960253115,
      1150.015968086239,
      1148.203986669062,
      1146.386044786697,
      1142.952816838362,
      1142.321007528425,
      1140.6580377409502,
      1139.3526958647603,
      1136.3605423403433,
      1132.718698110425,
      1132.349149268764,
      1130.680219016101,
      1126.889363156481,
      1122.3772910091031,
      1120.624914243807,
      1119.1705607379151,
      1117.418183972619,
      1116.094960700865,
      1114.0386002109767,
      1112.69153507847,
      1113.418711831416,
      1114.0028374198482,
      1111.2848652940827,
      1110.289467607673,
      1106.9635280327234,
      1104.972732659904,
      1103.065383799718,
      1101.032865170582,
      1100.1447558575578,
      1100.5023837688427,
      1099.4593023609284,
      1098.2374069973716,
      1096.371781393502,
      1095.853220922139,
      1094.0531604353382,
      1092.9445139103548,
      1092.2650208789134,
      1090.7868255122692,
      1090.0656092245113,
      1089.5649301487124,
      1087.9615650131184,
      1087.3595580291221,
      1086.6621836021166,
      1084.8263603241874,
      1082.0249416857887,
      1081.7447998219488,
      1080.9699393474982,
      1079.2414044429545,
      1080.0162649174051,
      1077.6141974466082,
      1076.8095346462171,
      1075.2180904409993,
      1074.3359415931632,
      1072.941192739152,
      1071.0696066700943,
      1070.3662717779007,
      1068.929799667573,
      1068.2145438450032,
      1065.9793693994725,
      1069.4245182781838,
      1.3926030865434507,
      0.8144379632995087,
      -0.33593181800029515,
      -0.431299261009605,
      1.5833379725620715,
      -0.28824809649563965,
      1.6250612288786441,
      -0.27036670093139425,
      0.8561612196160813
    ],
    "timestamps": [
      -0.0027153491973876953,
      -0.0022406578063964844,
      -0.0017635822296142578,
      -0.0012879371643066406,
      -0.00047969818115234375,
      0.0,
      0.0004787445068359375,
      0.00115203857421875,
      0.0018761157989501953,
      0.002458333969116211,
      0.003936767578125,
      0.004894256591796875,
      0.006167888641357422,
      0.0070116519927978516,
      0.007865428924560547,
      0.008784294128417969,
      0.009765863418579102,
      0.01062321662902832,
      0.01150822639465332,
      0.012406587600708008,
      0.013231515884399414,
      0.01403355598449707,
      0.014812707901000977,
      0.015587806701660156,
      0.016424179077148438,
      0.0172271728515625,
      0.017987966537475586,
      0.018757343292236328,
      0.01957416534423828,
      0.020377635955810547,
      0.02115035057067871,
      0.021936655044555664,
      0.022713661193847656,
      0.02351236343383789,
      0.024359464645385742,
      0.025231599807739258,
      0.026087045669555664,
      0.02691817283630371,
      0.02774810791015625,
      0.02857518196105957,
      0.02936720848083496,
      0.03022027015686035,
      0.031166791915893555,
      0.032299041748046875,
      0.033193349838256836,
      0.03409314155578613,
      0.03490900993347168,
      0.03569817543029785,
      0.03653979301452637,
      0.037328481674194336,
      0.03812122344970703,
      0.03889870643615723,
      0.03964853286743164,
      0.04072833061218262,
      0.04151630401611328,
      0.04229450225830078,
      0.043120384216308594,
      0.043955326080322266,
      0.044888973236083984,
      0.045722246170043945,
      0.04660224914550781,
      0.047483205795288086,
      0.04834914207458496,
      0.049153804779052734,
      0.05001044273376465,
      0.050821781158447266,
      0.05159759521484375,
      0.052394866943359375,
      0.05329298973083496,
      0.05443382263183594,
      0.05527520179748535,
      0.05615854263305664,
      0.05700564384460449,
      0.05784320831298828,
      0.05875349044799805,
      0.059586524963378906,
      0.060431480407714844,
      0.061231374740600586,
      0.062328338623046875,
      0.06310415267944336,
      0.06403017044067383,
      0.06499648094177246,
      0.06588149070739746,
      0.06670713424682617,
      0.06754493713378906,
      0.06848406791687012,
      0.06937670707702637,
      0.07019209861755371,
      0.07103657722473145,
      0.07195544242858887,
      0.0728754997253418,
      0.07376980781555176,
      0.0745840072631836,
      0.07547736167907715,
      0.07629823684692383,
      0.07712936401367188,
      0.07803463935852051,
      0.07894515991210938,
      0.07976365089416504,
      0.0806729793548584,
      0.08153557777404785,
      0.08239555358886719,
      0.08326029777526855
    ]
  }
}