{
  "weld_number": 40,
  "timestamp": "2025-11-16T00:27:52.715656",
  "energy_joules": 433.3,
  "peak_current_amps": 1195.9,
  "duration_ms": 137.4,
  "settings": {
    "mode": 1,
    "d1": 130,
    "gap1": 0,
    "d2": 0,
    "gap2": 0,
    "d3": 0
  },
  "data": {
    "voltage": [
      8.868,
      8.868,
      8.868,
      8.868,
      8.868,
      8.868,
      8.868,
      8.868,
      8.868,
      8.868,
      8.868,
      8.868,
      8.868,
      8.868,
      8.868,
      8.868,
      8.868,
      8.868,
      8.868,
      8.868,
      8.868,
      8.868,
      8.868,
      8.868,
      8.868,
      8.868,
      8.868,
      8.868,
      8.868,
      8.868,
      8.868,
      8.868,
      8.868,
      8.868,
      8.868,
      8.868,
      8.868,
      8.868,
      8.868,
      8.868,
      8.868,
      8.868,
      8.868,
      8.868,
      8.868,
      8.868,
      8.868,
      8.868,
      8.868,
      8.868,
      8.868,
      8.868,
      8.868,
      8.868,
      8.868,
      8.868,
      8.868,
      8.868,
      8.868,
      8.868,
      8.868,
      8.868,
      8.868,
      8.868,
      8.868,
      8.868,
      8.868,
      8.868,
      8.868,
      8.868,
      8.868,
      8.868,
      8.868,
      8.868,
      8.868,
      8.868,
      8.868,
      8.868,
      8.868,
      8.868,
      8.868,
      8.868,
      8.868,
      8.868,
      8.868,
      8.868,
      8.868,
      8.868,
      8.868,
      8.868,
      8.868,
      8.868,
      8.868,
      8.868,
      8.868,
      8.868,
      8.868,
      8.868,
      8.868,
      8.868,
      8.868,
      8.868,
      8.868,
      8.868,
      8.868,
      8.868,
      8.868,
      8.868,
      8.868,
      8.868,
      8.868,
      8.868,
      8.868,
      8.868,
      8.868,
      8.868,
      8.868,
      8.868,
      8.868,
      8.868,
      8.868,
      8.868,
      8.868,
      8.868,
      8.868,
      8.868,
      8.868,
      8.868,
      8.868,
      8.868,
      8.868,
      8.868,
      8.868,
      8.868,
      8.868,
      8.868,
      8.868,
      8.868,
      8.868,
      8.868,
      8.868,
      8.868,
      8.868,
      8.868,
      8.868,
      8.868,
      8.868,
      8.868,
      8.868,
      8.868,
      8.868,
      8.868,
      8.868,
      8.868,
      8.868,
      8.868
    ],
    "current": [
      1195.94927977911,
      1194.792949532622,
      1193.5412518431249,
      1192.1226611283614,
      1191.1213029767634,
      1189.1305076039441,
      1189.202033186201,
      1189.9828541258398,
      1189.4344913285363,
      1187.3542889778957,
      1185.5899912822235,
      1180.5951214546108,
      1176.8817516424358,
      1173.6750213712478,
      1170.1702678406557,
      1166.0158236045627,
      1164.1621189310692,
      1160.0672793468568,
      1157.4685165248532,
      1154.9532002154826,
      1152.1994652985888,
      1149.6126234069613,
      1146.888690816008,
      1142.9547837918738,
      1140.5348349255125,
      1139.0506790936802,
      1137.1135279075536,
      1135.5876488194046,
      1134.3657534558479,
      1131.8206348205367,
      1130.7835138778105,
      1129.4483696756802,
      1127.183392904209,
      1125.276044044023,
      1124.4356184525034,
      1123.166039367442,
      1121.2229277161273,
      1119.6851276976022,
      1118.069841631632,
      1116.603567195364,
      1115.4055136925595,
      1113.4385601804922,
      1111.8053927189578,
      1110.3450787478778,
      1108.75363454266,
      1107.370806619025,
      1106.6317089357028,
      1105.0045019393565,
      1102.4772646996098,
      1100.8560181684516,
      1099.2526530328576,
      1098.6625669792375,
      1097.0115181221388,
      1095.348548334664,
      1094.1504948318595,
      1092.9285994683025,
      1092.1716203894161,
      1090.2046668773492,
      1088.4224877861127,
      1087.790678476176,
      1085.2813226319936,
      1084.3336086670884,
      1082.4262598069022,
      1081.615636541323,
      1079.1599248838334,
      1078.2002899885522,
      1076.8591853212338,
      1076.4717550840085,
      1074.0041224961426,
      1074.54056436307,
      1072.1802201485896,
      1071.2146247881203,
      1070.2669108232153,
      1069.080778250787,
      1067.7158317227163,
      1066.1780317041912,
      1066.2257154256959,
      1062.5242665438968,
      1062.5719502654015,
      1061.0877944335691,
      1059.7884130225673,
      1058.6142013805152,
      1056.9452711278523,
      1056.2121339097182,
      1055.097526919547,
      1054.519361796303,
      1053.4882013187648,
      1051.3483943162435,
      1050.1026570919344,
      1048.8748012631895,
      1046.5442593746495,
      1045.8170826217035,
      1044.2852430683663,
      1043.2779244515805,
      1042.079870948776,
      1041.1440779142472,
      1040.178482553778,
      1039.665882547603,
      1039.6420406868506,
      1038.7479709086383,
      1038.0207941556923,
      1037.6035615925266,
      1037.0790406559754,
      1035.958473200616,
      1035.0763243527797,
      1034.450475508031,
      1033.1510940970293,
      1032.042447572046,
      1031.0530103508245,
      1029.7595894050107,
      1028.3827219465638,
      1028.3648405509996,
      1027.0952614659382,
      1025.9031684283218,
      1026.4157684344968,
      1026.141587035845,
      1025.2236753968805,
      1023.8229660776813,
      1022.7322009482623,
      1022.7739242045789,
      1021.2361241860538,
      1021.1407567430444,
      1019.4718264903815,
      1019.8234939364784,
      1018.2082078705082,
      1016.8253799468732,
      1016.9267078550706,
      1016.2710566843816,
      1015.4187101624857,
      1014.6915334095397,
      1013.8332264224559,
      1013.1418124606384,
      1012.7782240841655,
      1011.8901147711413,
      1013.2491008340239,
      1011.1629380181953,
      1010.9185589454839,
      1010.6861008031487,
      1008.0396542596404,
      1007.3303589022587,
      1006.3945658677299,
      1005.4289705072605,
      14.382423684885941,
      1.334965388174699,
      -0.924050918108334,
      0.7508397997426751,
      -0.8584858010394336,
      1.1919142236607347,
      -0.9061695225440886,
      -0.6021857979519125,
      -0.465095098626029,
      -0.9896160351772348,
      -1.239955573076674,
      -0.6379485890804039,
      1.6806723690834486,
      -0.6319881238923221
    ],