{
  "weld_number": 16,
  "timestamp": "2025-11-13T17:40:17.766027",
  "energy_joules": 2318.79,
  "peak_current_amps": 2662.0,
  "duration_ms": 98.1,
  "settings": {
    "mode": 1,
    "d1": 40,
    "gap1": 0,
    "d2": 0,
    "gap2": 0,
    "d3": 0,
    "weld_counter": 15
  },
  "data": {
    "voltage": [
      8.883,
      8.883,
      8.883,
      8.883,
      8.883,
      8.883,
      8.883,
      8.883,
      8.883,
      8.883,
      8.883,
      8.883,
      8.883,
      8.883,
      8.883,
      8.883,
      8.883,
      8.883,
      8.883,
      8.883,
      8.883,
      8.883,
      8.883,
      8.883,
      8.883,
      8.883,
      8.883,
      8.883,
      8.883,
      8.883,
      8.883,
      8.883,
      8.883,
      8.883,
      8.883,
      8.883,
      8.883,
      8.883,
      8.883,
      8.883,
      8.883,
      8.883,
      8.883,
      8.883,
      8.883
    ],
    "current": [
      2661.948684191983,
      2661.9520336826645,
      2661.945334701302,
      2661.951196309994,
      2661.945334701302,
      2661.9390544062744,
      2661.9436599559613,
      2661.9419852106203,
      2661.9424038969555,
      2661.9403104652797,
      2661.9436599559613,
      2661.94114783795,
      2661.9424038969555,
      2661.9340301702523,
      2661.938635719939,
      2661.9398917789445,
      2661.9373796609334,
      2661.637600244957,
      2661.6392749902975,
      2661.637600244957,
      2661.6384376176275,
      2661.6388563039627,
      2661.6409497356385,
      2661.6409497356385,
      2661.6396936766328,
      2661.635506813281,
      2661.6405310493033,
      2661.6409497356385,
      2661.635088126946,
      2661.6413684219733,
      2661.642205794644,
      2661.6405310493033,
      2661.6409497356385,
      2661.638018931292,
      2661.6417871083086,
      2661.636762872287,
      2661.637600244957,
      2661.638018931292,
      2661.6384376176275,
      2661.638018931292,
      2661.640112362968,
      2661.638018931292,
      2661.637600244957,
      2661.6392749902975,
      2661.643461853649
    ],
    "timestamps": [
      0.0013096332550048828,
      0.004009723663330078,
      0.006620883941650391,
      0.009089946746826172,
      0.011308431625366211,
      0.013437986373901367,
      0.015591621398925781,
      0.017738819122314453,
      0.019886493682861328,
      0.022090435028076172,
      0.024424314498901367,
      0.026541471481323242,
      0.028559207916259766,
      0.03056025505065918,
      0.03256845474243164,
      0.03458094596862793,
      0.03658890724182129,
      0.03859448432922363,
      0.04060506820678711,
      0.04279828071594238,
      0.044857025146484375,
      0.04687333106994629,
      0.048870086669921875,
      0.05091524124145508,
      0.05302619934082031,
      0.05504465103149414,
      0.05704951286315918,
      0.059088706970214844,
      0.061270952224731445,
      0.06364989280700684,
      0.06600499153137207,
      0.06847929954528809,
      0.07089900970458984,
      0.07333707809448242,
      0.0760643482208252,
      0.0783529281616211,
      0.08078217506408691,
      0.08322858810424805,
      0.08569645881652832,
      0.08820986747741699,
      0.09049272537231445,
      0.09275484085083008,
      0.09503436088562012,
      0.0973062515258789,
      0.09937906265258789
    ]
  }
}